latitude,longitude,bright_ti4,scan,track,acq_date,acq_time,satellite,confidence,version,bright_ti5,frp,daynight
46.06979,13.63111,297.87,0.58,0.52,2022-09-04,0024,N,nominal,2.0NRT,283.65,0.99,N
45.46414,10.45491,310.62,0.41,0.6,2022-09-04,0024,N,nominal,2.0NRT,286.45,1.58,N
44.59884,20.97644,306.69,0.42,0.38,2022-09-04,0024,N,nominal,2.0NRT,279.87,0.84,N
45.45848,10.45438,338.37,0.41,0.6,2022-09-04,0024,N,nominal,2.0NRT,286.69,1.58,N
45.45829,10.45984,302.14,0.41,0.6,2022-09-04,0024,N,nominal,2.0NRT,286.37,1.58,N
45.42717,10.99922,305.8,0.38,0.59,2022-09-04,0024,N,nominal,2.0NRT,286.34,0.77,N
45.15117,9.94276,299.1,0.43,0.62,2022-09-04,0024,N,nominal,2.0NRT,286.78,0.72,N
45.14538,9.94231,333.92,0.43,0.62,2022-09-04,0024,N,nominal,2.0NRT,287.72,3.73,N
43.2823,23.464,298.91,0.38,0.36,2022-09-04,0024,N,nominal,2.0NRT,286.09,0.58,N
42.55534,27.34109,297.06,0.45,0.39,2022-09-04,0024,N,nominal,2.0NRT,286.97,1.35,N
41.18146,32.63175,299.63,0.55,0.51,2022-09-04,0024,N,nominal,2.0NRT,289.05,2,N
41.17538,32.63606,303.79,0.55,0.51,2022-09-04,0024,N,nominal,2.0NRT,289.61,1.19,N
42.7149,24.17166,346.06,0.39,0.36,2022-09-04,0024,N,nominal,2.0NRT,289.72,6.76,N
42.71643,24.16233,302.64,0.39,0.36,2022-09-04,0024,N,nominal,2.0NRT,284.36,0.8,N
41.26466,31.4251,300.41,0.48,0.48,2022-09-04,0024,N,nominal,2.0NRT,288.78,1.32,N
41.26336,31.43058,314.66,0.48,0.48,2022-09-04,0024,N,nominal,2.0NRT,290.78,1.32,N
42.45654,20.93717,295.39,0.41,0.37,2022-09-04,0024,N,nominal,2.0NRT,282.03,0.22,N
43.44648,4.8894,306.16,0.75,0.77,2022-09-04,0024,N,nominal,2.0NRT,286.57,2.67,N
43.44655,4.89919,308.82,0.75,0.77,2022-09-04,0024,N,nominal,2.0NRT,286.24,2.67,N
43.43213,4.89919,300.99,0.75,0.77,2022-09-04,0024,N,nominal,2.0NRT,285.86,3.14,N
42.01574,21.46719,310.77,0.4,0.37,2022-09-04,0024,N,nominal,2.0NRT,285.07,1.54,N
39.83791,30.30072,299.3,0.45,0.47,2022-09-04,0024,N,nominal,2.0NRT,287.95,0.88,N
40.4439,27.13529,301.09,0.48,0.4,2022-09-04,0026,N,nominal,2.0NRT,291.02,2.21,N
40.44283,27.14079,306.83,0.48,0.4,2022-09-04,0026,N,nominal,2.0NRT,290.57,2.16,N
39.48477,30.04034,305.43,0.45,0.47,2022-09-04,0026,N,nominal,2.0NRT,287.78,1.24,N
39.86531,26.24546,306.08,0.45,0.39,2022-09-04,0026,N,nominal,2.0NRT,292.59,0.78,N
38.65703,30.6181,301.64,0.5,0.49,2022-09-04,0026,N,nominal,2.0NRT,287.56,1.22,N
40.6265,18.00152,304.52,0.48,0.4,2022-09-04,0026,N,nominal,2.0NRT,290.05,1.14,N
38.62934,29.46551,299.43,0.44,0.46,2022-09-04,0026,N,nominal,2.0NRT,288.98,3.4,N
38.62522,29.46396,338.5,0.44,0.46,2022-09-04,0026,N,nominal,2.0NRT,289.06,3.4,N
40.52065,17.20737,311.86,0.52,0.41,2022-09-04,0026,N,nominal,2.0NRT,292.61,1.33,N
40.51684,17.20661,302.92,0.52,0.41,2022-09-04,0026,N,nominal,2.0NRT,291.75,1.33,N
40.50855,17.21125,316.17,0.52,0.41,2022-09-04,0026,N,nominal,2.0NRT,292.56,2.61,N
40.50407,17.21663,334.7,0.52,0.41,2022-09-04,0026,N,nominal,2.0NRT,293.18,2.75,N
40.50474,17.21052,303.92,0.52,0.41,2022-09-04,0026,N,nominal,2.0NRT,292.59,2.75,N
40.55937,16.50389,304.36,0.56,0.43,2022-09-04,0026,N,nominal,2.0NRT,290.1,1.17,N
38.75426,26.951,310.29,0.5,0.41,2022-09-04,0026,N,nominal,2.0NRT,293.73,1.17,N
38.72458,26.93964,313.53,0.5,0.41,2022-09-04,0026,N,nominal,2.0NRT,293.2,1.4,N
39.38609,22.807,302.35,0.39,0.36,2022-09-04,0026,N,nominal,2.0NRT,291.5,0.88,N
39.35363,22.98384,308.4,0.39,0.36,2022-09-04,0026,N,nominal,2.0NRT,293.42,1.31,N
38.4251,27.21425,306.27,0.52,0.42,2022-09-04,0026,N,nominal,2.0NRT,293.35,1.45,N
37.25399,30.44225,300.08,0.53,0.5,2022-09-04,0026,N,nominal,2.0NRT,289.88,0.45,N
38.37266,24.06091,305.87,0.41,0.37,2022-09-04,0026,N,nominal,2.0NRT,292.63,0.87,N
38.12829,23.5225,311.89,0.4,0.37,2022-09-04,0026,N,nominal,2.0NRT,292.96,1.4,N
38.79264,15.20582,306.04,0.41,0.45,2022-09-04,0026,N,nominal,2.0NRT,289.57,1.03,N
38.64386,15.90512,303.12,0.56,0.43,2022-09-04,0026,N,nominal,2.0NRT,291.28,1.03,N
38.09035,12.74619,331.7,0.54,0.51,2022-09-04,0026,N,nominal,2.0NRT,294.1,3.55,N
38.09086,12.73994,307.38,0.54,0.51,2022-09-04,0026,N,nominal,2.0NRT,292.8,2.52,N
38.08982,12.7529,313.25,0.54,0.51,2022-09-04,0026,N,nominal,2.0NRT,292.7,3.55,N
38.08609,12.74026,338.54,0.54,0.51,2022-09-04,0026,N,nominal,2.0NRT,293.37,19.88,N
38.0856,12.74631,345.06,0.54,0.51,2022-09-04,0026,N,nominal,2.0NRT,297.33,8.86,N
38.08512,12.75231,336.46,0.54,0.51,2022-09-04,0026,N,nominal,2.0NRT,294.04,8.86,N
38.08085,12.74647,348.03,0.54,0.51,2022-09-04,0026,N,nominal,2.0NRT,293.51,8.86,N
38.08041,12.75204,304.74,0.54,0.51,2022-09-04,0026,N,nominal,2.0NRT,292.71,8.86,N
37.9282,13.26177,323.94,0.5,0.49,2022-09-04,0026,N,nominal,2.0NRT,289.66,2.39,N
37.92871,13.25564,310.71,0.5,0.49,2022-09-04,0026,N,nominal,2.0NRT,289.07,2.39,N
37.74734,14.99841,299.72,0.41,0.45,2022-09-04,0026,N,nominal,2.0NRT,283.53,0.65,N
37.87427,13.18868,319.29,0.51,0.49,2022-09-04,0026,N,nominal,2.0NRT,289.53,1.72,N
37.86967,13.18859,305.77,0.51,0.49,2022-09-04,0026,N,nominal,2.0NRT,288.64,1.25,N
37.8745,13.18655,319.65,0.51,0.49,2022-09-04,0026,N,nominal,2.0NRT,289.51,1.59,N
37.86988,13.18647,301.74,0.51,0.49,2022-09-04,0026,N,nominal,2.0NRT,288.29,1.59,N
37.86013,13.02843,301.68,0.52,0.5,2022-09-04,0026,N,nominal,2.0NRT,290.2,1.21,N
37.84278,13.06888,305.8,0.51,0.5,2022-09-04,0026,N,nominal,2.0NRT,290.3,1.08,N
37.83251,13.19139,300.3,0.51,0.49,2022-09-04,0026,N,nominal,2.0NRT,289.17,0.82,N
37.74852,13.04269,304.06,0.51,0.5,2022-09-04,0026,N,nominal,2.0NRT,289.32,0.69,N
37.44055,15.03115,298.04,0.4,0.44,2022-09-04,0026,N,nominal,2.0NRT,275.24,0.53,N
37.43645,15.03049,323.56,0.4,0.44,2022-09-04,0026,N,nominal,2.0NRT,274.07,1.42,N
37.54546,13.31936,301.57,0.49,0.49,2022-09-04,0026,N,nominal,2.0NRT,289.72,0.35,N
37.54482,13.31897,303.3,0.49,0.49,2022-09-04,0026,N,nominal,2.0NRT,290.05,1.06,N
37.33583,14.32345,341.62,0.43,0.46,2022-09-04,0026,N,nominal,2.0NRT,291.2,6.42,N
35.35109,5.75973,310.22,0.62,0.71,2022-09-04,0026,N,nominal,2.0NRT,287.37,2.04,N
35.348,5.76048,312.07,0.62,0.71,2022-09-04,0026,N,nominal,2.0NRT,288.13,1.69,N
66.30946,14.17577,306.72,0.37,0.58,2022-09-04,0018,N,nominal,2.0NRT,277.07,0.9,N
66.30904,14.17877,296.69,0.37,0.58,2022-09-04,0018,N,nominal,2.0NRT,275.75,1.14,N
65.76313,24.18287,311.81,0.39,0.44,2022-09-04,0018,N,nominal,2.0NRT,277.53,1.99,N
63.31622,9.14121,299.69,0.52,0.67,2022-09-04,0020,N,nominal,2.0NRT,278.72,1.73,N
60.5222,28.12657,313.27,0.41,0.37,2022-09-04,0020,N,nominal,2.0NRT,258.21,0.74,N
60.15345,30.26789,337.09,0.39,0.36,2022-09-04,0020,N,nominal,2.0NRT,276.71,5.36,N
59.38567,28.45929,304.28,0.4,0.37,2022-09-04,0020,N,nominal,2.0NRT,278.92,0.86,N
58.35826,12.37571,308.74,0.4,0.6,2022-09-04,0020,N,nominal,2.0NRT,281.97,1.14,N
58.36119,12.37507,304.93,0.4,0.6,2022-09-04,0020,N,nominal,2.0NRT,281.6,1.37,N
57.06315,9.97281,310.72,0.48,0.65,2022-09-04,0020,N,nominal,2.0NRT,271.73,1.61,N
55.50379,28.58813,298.44,0.38,0.36,2022-09-04,0020,N,nominal,2.0NRT,276.68,0.75,N
55.4848,28.5982,340.98,0.38,0.36,2022-09-04,0020,N,nominal,2.0NRT,277.27,4.66,N
53.44431,34.41681,324.68,0.5,0.41,2022-09-04,0022,N,nominal,2.0NRT,282.59,3.6,N
53.4434,34.41749,328.35,0.5,0.41,2022-09-04,0022,N,nominal,2.0NRT,283.74,3.96,N
52.80548,32.2223,300.14,0.44,0.39,2022-09-04,0022,N,nominal,2.0NRT,276.99,0.96,N
53.98716,20.71259,306.57,0.53,0.42,2022-09-04,0022,N,nominal,2.0NRT,276.98,1.54,N
53.525,9.89893,305.31,0.47,0.64,2022-09-04,0022,N,nominal,2.0NRT,282.15,1.38,N
51.44683,30.1719,310,0.42,0.37,2022-09-04,0022,N,nominal,2.0NRT,280.2,2.06,N
51.46764,29.8859,324.09,0.41,0.37,2022-09-04,0022,N,nominal,2.0NRT,286.04,3.31,N
51.46658,29.89164,322.95,0.41,0.37,2022-09-04,0022,N,nominal,2.0NRT,286.24,2.96,N
51.41352,30.17488,299.7,0.42,0.37,2022-09-04,0022,N,nominal,2.0NRT,277.94,0.73,N
51.46432,29.88433,300.35,0.41,0.37,2022-09-04,0022,N,nominal,2.0NRT,280.88,1.74,N
51.46326,29.89006,298.14,0.41,0.37,2022-09-04,0022,N,nominal,2.0NRT,281.94,2,N
51.46112,29.90155,304.08,0.41,0.37,2022-09-04,0022,N,nominal,2.0NRT,281.15,1.41,N
51.45673,29.90572,324.53,0.41,0.37,2022-09-04,0022,N,nominal,2.0NRT,281.98,1.41,N
51.4578,29.89997,298.02,0.41,0.37,2022-09-04,0022,N,nominal,2.0NRT,281,1.41,N
51.45341,29.90414,324.23,0.41,0.37,2022-09-04,0022,N,nominal,2.0NRT,284.63,2.86,N
51.45769,29.88117,295.96,0.41,0.37,2022-09-04,0022,N,nominal,2.0NRT,281.31,1.72,N
51.45662,29.8869,312.84,0.41,0.37,2022-09-04,0022,N,nominal,2.0NRT,285.94,1.76,N
51.45009,29.90257,326.13,0.41,0.37,2022-09-04,0022,N,nominal,2.0NRT,282.85,2.86,N
51.4533,29.88532,297.26,0.41,0.37,2022-09-04,0022,N,nominal,2.0NRT,282.58,1.76,N
51.44677,29.90099,335.98,0.41,0.37,2022-09-04,0022,N,nominal,2.0NRT,285.42,4.4,N
51.45105,29.87801,310.5,0.41,0.37,2022-09-04,0022,N,nominal,2.0NRT,284.5,3.27,N
51.44998,29.88375,316.27,0.41,0.37,2022-09-04,0022,N,nominal,2.0NRT,286.14,1.92,N
51.44891,29.88949,299.53,0.41,0.37,2022-09-04,0022,N,nominal,2.0NRT,283.51,1.92,N
51.44784,29.89524,300.29,0.41,0.37,2022-09-04,0022,N,nominal,2.0NRT,283.66,4.4,N
51.44773,29.87644,326.66,0.41,0.37,2022-09-04,0022,N,nominal,2.0NRT,285.37,3.27,N
51.44666,29.88218,331.22,0.41,0.37,2022-09-04,0022,N,nominal,2.0NRT,287.2,1.92,N
51.44452,29.89366,351.61,0.41,0.37,2022-09-04,0022,N,nominal,2.0NRT,287.06,4.4,N
51.44345,29.89941,332.23,0.41,0.37,2022-09-04,0022,N,nominal,2.0NRT,282.69,4.4,N
51.44559,29.88791,300.57,0.41,0.37,2022-09-04,0022,N,nominal,2.0NRT,282.64,1.92,N
51.4412,29.89209,332.4,0.41,0.37,2022-09-04,0022,N,nominal,2.0NRT,277.56,3.91,N
51.44334,29.8806,304.68,0.41,0.37,2022-09-04,0022,N,nominal,2.0NRT,279.49,1.62,N
51.44227,29.88634,308.98,0.41,0.37,2022-09-04,0022,N,nominal,2.0NRT,278.45,1.62,N
51.47394,29.53956,322.6,0.4,0.37,2022-09-04,0022,N,nominal,2.0NRT,287.9,2.03,N
51.47291,29.54525,326.19,0.4,0.37,2022-09-04,0022,N,nominal,2.0NRT,286.09,2.03,N
51.47497,29.53388,317.93,0.4,0.37,2022-09-04,0022,N,nominal,2.0NRT,284.72,2.2,N
51.47085,29.55659,308.97,0.4,0.37,2022-09-04,0022,N,nominal,2.0NRT,284.89,2.21,N
51.47167,29.53234,318.58,0.4,0.37,2022-09-04,0022,N,nominal,2.0NRT,287.29,2.2,N
51.47064,29.53801,310.65,0.4,0.37,2022-09-04,0022,N,nominal,2.0NRT,287.89,2.03,N
51.46961,29.5437,298.24,0.4,0.37,2022-09-04,0022,N,nominal,2.0NRT,282.72,2.03,N
51.46837,29.53079,313.76,0.4,0.37,2022-09-04,0022,N,nominal,2.0NRT,286.4,2.14,N
51.46734,29.53647,299.81,0.4,0.37,2022-09-04,0022,N,nominal,2.0NRT,285.69,1.01,N
51.46404,29.53492,296.49,0.4,0.37,2022-09-04,0022,N,nominal,2.0NRT,283.87,1.01,N
51.46177,29.5277,297.91,0.4,0.37,2022-09-04,0022,N,nominal,2.0NRT,283.62,7.7,N
51.46074,29.53338,313.91,0.4,0.37,2022-09-04,0022,N,nominal,2.0NRT,288.24,7.87,N
51.45847,29.52616,343.79,0.4,0.37,2022-09-04,0022,N,nominal,2.0NRT,291.16,7.7,N
51.45744,29.53184,352.82,0.4,0.37,2022-09-04,0022,N,nominal,2.0NRT,298.42,7.87,N
51.45414,29.53029,305.4,0.4,0.37,2022-09-04,0022,N,nominal,2.0NRT,279.5,1.23,N
51.44793,29.56437,313.76,0.4,0.37,2022-09-04,0022,N,nominal,2.0NRT,282.15,2.06,N
51.44255,29.5742,323.43,0.4,0.37,2022-09-04,0022,N,nominal,2.0NRT,287.37,1.58,N
51.44152,29.57989,298.51,0.41,0.37,2022-09-04,0022,N,nominal,2.0NRT,280.11,1.58,N
51.43925,29.57266,310.49,0.4,0.37,2022-09-04,0022,N,nominal,2.0NRT,280.55,1.79,N
51.40376,29.53146,310.02,0.4,0.37,2022-09-04,0022,N,nominal,2.0NRT,280.6,2.51,N
51.40046,29.52992,332.41,0.4,0.37,2022-09-04,0022,N,nominal,2.0NRT,290.11,2.51,N
51.40149,29.52425,306.39,0.4,0.37,2022-09-04,0022,N,nominal,2.0NRT,283.91,2.05,N
51.39819,29.52272,298.97,0.4,0.37,2022-09-04,0022,N,nominal,2.0NRT,283.23,1.6,N
51.39716,29.52838,312.69,0.4,0.37,2022-09-04,0022,N,nominal,2.0NRT,287.09,2.39,N
51.39281,29.53251,327.01,0.4,0.37,2022-09-04,0022,N,nominal,2.0NRT,289.24,2.39,N
51.39177,29.53819,334.02,0.4,0.37,2022-09-04,0022,N,nominal,2.0NRT,285.37,3.54,N
51.39385,29.52685,309.36,0.4,0.37,2022-09-04,0022,N,nominal,2.0NRT,286.97,2.39,N
51.39228,29.5379,341.54,0.4,0.37,2022-09-04,0022,N,nominal,2.0NRT,287.3,3.01,N
51.39434,29.52656,308.6,0.4,0.37,2022-09-04,0022,N,nominal,2.0NRT,286.91,1.57,N
51.39331,29.53223,319.72,0.4,0.37,2022-09-04,0022,N,nominal,2.0NRT,288.56,3.01,N
51.39103,29.52501,297.41,0.4,0.37,2022-09-04,0022,N,nominal,2.0NRT,282.74,1.57,N
51.39001,29.53069,312.08,0.4,0.37,2022-09-04,0022,N,nominal,2.0NRT,283.47,3.01,N
51.3739,29.56015,321.92,0.41,0.37,2022-09-04,0022,N,nominal,2.0NRT,288.19,2.52,N
51.377,29.54311,296.24,0.41,0.37,2022-09-04,0022,N,nominal,2.0NRT,284.01,1.74,N
51.37287,29.56583,316.31,0.41,0.37,2022-09-04,0022,N,nominal,2.0NRT,284.68,2.52,N
51.36956,29.56429,327.83,0.41,0.37,2022-09-04,0022,N,nominal,2.0NRT,280.76,2.52,N
51.37163,29.55292,298.38,0.41,0.37,2022-09-04,0022,N,nominal,2.0NRT,281.51,2.26,N
51.37262,29.44884,326.33,0.4,0.37,2022-09-04,0022,N,nominal,2.0NRT,284.61,1.78,N
51.37159,29.4545,318,0.4,0.37,2022-09-04,0022,N,nominal,2.0NRT,286.35,1.78,N
51.36932,29.44732,296.1,0.4,0.37,2022-09-04,0022,N,nominal,2.0NRT,278.5,1.78,N
51.36829,29.45298,314.02,0.4,0.37,2022-09-04,0022,N,nominal,2.0NRT,285.37,1.78,N
53.14245,8.67228,298.74,0.53,0.67,2022-09-04,0022,N,nominal,2.0NRT,283.29,0.6,N
53.13612,8.67229,309.36,0.53,0.67,2022-09-04,0022,N,nominal,2.0NRT,284.01,1.93,N
53.13616,8.68067,296.35,0.53,0.67,2022-09-04,0022,N,nominal,2.0NRT,284.11,1.93,N
53.1362,8.68899,310,0.53,0.67,2022-09-04,0022,N,nominal,2.0NRT,283.6,1.41,N
52.50021,4.60975,311.93,0.78,0.78,2022-09-04,0022,N,nominal,2.0NRT,283.41,1.68,N
52.49288,4.6103,302.38,0.78,0.78,2022-09-04,0022,N,nominal,2.0NRT,283.15,1.45,N
52.4846,4.58673,298.42,0.78,0.78,2022-09-04,0022,N,nominal,2.0NRT,283.92,1.95,N
52.50112,4.60677,300.84,0.78,0.78,2022-09-04,0022,N,nominal,2.0NRT,282.92,0.9,N
52.49379,4.60739,313.69,0.78,0.78,2022-09-04,0022,N,nominal,2.0NRT,283.88,2.91,N
52.4856,4.58366,297.29,0.78,0.78,2022-09-04,0022,N,nominal,2.0NRT,283.61,2.55,N
52.4688,7.31459,297.48,0.6,0.71,2022-09-04,0022,N,nominal,2.0NRT,284.1,0.49,N
52.35655,9.8867,296.67,0.47,0.64,2022-09-04,0022,N,nominal,2.0NRT,281.71,0.32,N
52.35569,9.8862,303.72,0.47,0.64,2022-09-04,0022,N,nominal,2.0NRT,282.59,1.19,N
52.17444,14.61413,303.49,0.59,0.53,2022-09-04,0022,N,nominal,2.0NRT,284.64,1.16,N
50.56543,28.59539,306.13,0.4,0.37,2022-09-04,0022,N,nominal,2.0NRT,275.82,0.93,N
51.39657,22.96726,301.33,0.43,0.38,2022-09-04,0022,N,nominal,2.0NRT,286.1,1,N
52.15131,10.39639,307.33,0.45,0.63,2022-09-04,0022,N,nominal,2.0NRT,279.61,1.12,N
52.15955,10.41235,305.09,0.45,0.63,2022-09-04,0022,N,nominal,2.0NRT,282.11,1.76,N
52.15387,10.39865,311.81,0.45,0.63,2022-09-04,0022,N,nominal,2.0NRT,281.33,1.63,N
51.68794,15.97496,314.26,0.51,0.5,2022-09-04,0022,N,nominal,2.0NRT,283.28,2.38,N
51.45911,16.78556,297.58,0.47,0.48,2022-09-04,0022,N,nominal,2.0NRT,279.72,0.56,N
50.93028,21.67569,305.88,0.46,0.39,2022-09-04,0022,N,nominal,2.0NRT,283.73,1.23,N
51.10426,18.94158,301.53,0.38,0.43,2022-09-04,0022,N,nominal,2.0NRT,281.89,0.57,N
51.51975,6.96561,296.5,0.62,0.71,2022-09-04,0022,N,nominal,2.0NRT,283.98,0.91,N
51.49622,6.73825,298,0.63,0.72,2022-09-04,0022,N,nominal,2.0NRT,284.98,1.07,N
51.48928,6.7288,299.23,0.64,0.72,2022-09-04,0022,N,nominal,2.0NRT,284.41,1.07,N
51.48943,6.7384,299.21,0.63,0.72,2022-09-04,0022,N,nominal,2.0NRT,283.92,1.07,N
51.48185,6.69031,299.5,0.64,0.72,2022-09-04,0022,N,nominal,2.0NRT,284.4,1.63,N
51.48201,6.70012,303.93,0.64,0.72,2022-09-04,0022,N,nominal,2.0NRT,284.2,1.63,N
51.48217,6.70983,308.25,0.64,0.72,2022-09-04,0022,N,nominal,2.0NRT,284.46,1.53,N
51.48233,6.71937,298.55,0.64,0.72,2022-09-04,0022,N,nominal,2.0NRT,284.2,1.53,N
51.46228,6.73931,299.25,0.63,0.72,2022-09-04,0022,N,nominal,2.0NRT,283.91,0.82,N
51.18332,16.11545,338.49,0.5,0.49,2022-09-04,0022,N,nominal,2.0NRT,283.82,5.23,N
51.17876,16.11465,312.18,0.5,0.49,2022-09-04,0022,N,nominal,2.0NRT,281.92,2.65,N
50.82742,20.27166,299.61,0.51,0.41,2022-09-04,0022,N,nominal,2.0NRT,283.22,1.17,N
51.36555,6.7033,336.5,0.64,0.72,2022-09-04,0022,N,nominal,2.0NRT,285.66,6.07,N
51.29624,7.00244,300.43,0.62,0.71,2022-09-04,0022,N,nominal,2.0NRT,283.32,1.63,N
51.29465,7.00793,307.73,0.62,0.71,2022-09-04,0022,N,nominal,2.0NRT,283.71,1.74,N
50.79948,19.18269,325.91,0.56,0.43,2022-09-04,0022,N,nominal,2.0NRT,280.89,2.97,N
50.49266,19.45882,297.91,0.54,0.42,2022-09-04,0022,N,nominal,2.0NRT,283.67,0.82,N
50.4919,19.46667,298.2,0.54,0.42,2022-09-04,0022,N,nominal,2.0NRT,282.21,0.75,N
50.34619,19.29171,315.33,0.55,0.42,2022-09-04,0022,N,nominal,2.0NRT,283.96,1.89,N
50.34251,19.33064,305.68,0.54,0.42,2022-09-04,0022,N,nominal,2.0NRT,283.09,1.32,N
50.34178,19.33833,301.1,0.54,0.42,2022-09-04,0022,N,nominal,2.0NRT,285.03,1.32,N
50.33445,19.28885,297.79,0.55,0.42,2022-09-04,0022,N,nominal,2.0NRT,283.04,1.46,N
50.76115,5.66704,296.84,0.7,0.75,2022-09-04,0022,N,nominal,2.0NRT,283.19,1.03,N
50.07582,20.10131,301.31,0.51,0.41,2022-09-04,0022,N,nominal,2.0NRT,282.99,0.75,N
50.41841,4.53484,296.57,0.79,0.78,2022-09-04,0022,N,nominal,2.0NRT,281.88,1.14,N
49.9567,9.76486,295.53,0.47,0.64,2022-09-04,0022,N,nominal,2.0NRT,282.82,0.8,N
47.78466,29.01604,303.12,0.43,0.38,2022-09-04,0022,N,nominal,2.0NRT,283.18,1.21,N
47.78971,28.95129,296.61,0.43,0.38,2022-09-04,0022,N,nominal,2.0NRT,282.19,0.71,N
47.78862,28.95697,296.19,0.43,0.38,2022-09-04,0022,N,nominal,2.0NRT,282.59,0.54,N
49.52608,5.89779,302.46,0.69,0.74,2022-09-04,0022,N,nominal,2.0NRT,282.95,1.69,N
49.50619,5.95816,298.75,0.68,0.74,2022-09-04,0022,N,nominal,2.0NRT,282.4,2.2,N
48.61942,21.18534,297.77,0.45,0.39,2022-09-04,0022,N,nominal,2.0NRT,283.01,1.11,N
48.61586,21.18437,302.8,0.45,0.39,2022-09-04,0022,N,nominal,2.0NRT,282.83,1.11,N
48.61158,21.18952,314.12,0.45,0.39,2022-09-04,0022,N,nominal,2.0NRT,285.94,1.58,N
48.61087,21.19563,298.9,0.45,0.39,2022-09-04,0022,N,nominal,2.0NRT,284.16,1.19,N
48.60944,21.1763,303.64,0.45,0.39,2022-09-04,0022,N,nominal,2.0NRT,283.24,0.79,N
48.60802,21.18854,295.49,0.45,0.39,2022-09-04,0022,N,nominal,2.0NRT,284.57,1.58,N
48.60588,21.17533,321.04,0.45,0.39,2022-09-04,0022,N,nominal,2.0NRT,283.95,2.8,N
48.60517,21.18145,313.33,0.45,0.39,2022-09-04,0022,N,nominal,2.0NRT,284.34,1.1,N
48.60446,21.18756,298.58,0.45,0.39,2022-09-04,0022,N,nominal,2.0NRT,282.89,1.1,N
48.60161,21.18047,302.38,0.45,0.39,2022-09-04,0022,N,nominal,2.0NRT,282.43,1.1,N
48.60831,21.17544,311.17,0.45,0.39,2022-09-04,0022,N,nominal,2.0NRT,283.84,1.97,N
48.60757,21.18155,317.19,0.45,0.39,2022-09-04,0022,N,nominal,2.0NRT,284.84,1.97,N
48.60684,21.18766,306.25,0.45,0.39,2022-09-04,0022,N,nominal,2.0NRT,284.94,1.72,N
48.60402,21.18059,312.51,0.45,0.39,2022-09-04,0022,N,nominal,2.0NRT,283.38,1.97,N
49.35949,6.74559,301.08,0.63,0.72,2022-09-04,0022,N,nominal,2.0NRT,282.91,1.1,N
48.59236,20.83892,301.33,0.46,0.39,2022-09-04,0022,N,nominal,2.0NRT,283.44,0.81,N
48.64674,20.21814,297.08,0.48,0.4,2022-09-04,0022,N,nominal,2.0NRT,281.97,0.91,N
49.24575,6.84628,315.61,0.62,0.72,2022-09-04,0022,N,nominal,2.0NRT,283.21,1.91,N
49.24432,6.84242,302.95,0.62,0.72,2022-09-04,0022,N,nominal,2.0NRT,283.12,1.36,N
49.24438,6.85157,299.47,0.62,0.72,2022-09-04,0022,N,nominal,2.0NRT,283.11,1.36,N
49.06086,8.3258,296.05,0.54,0.67,2022-09-04,0022,N,nominal,2.0NRT,284.03,1.32,N
47.90552,21.03304,296.58,0.45,0.39,2022-09-04,0022,N,nominal,2.0NRT,283.2,0.3,N
48.50879,10.85149,301.82,0.41,0.61,2022-09-04,0024,N,nominal,2.0NRT,278.94,0.39,N
48.51226,10.85123,306.2,0.41,0.61,2022-09-04,0024,N,nominal,2.0NRT,278.36,1.09,N
48.28025,14.33818,296.63,0.56,0.52,2022-09-04,0024,N,nominal,2.0NRT,271.43,3.41,N
48.27544,14.33754,337.82,0.56,0.52,2022-09-04,0024,N,nominal,2.0NRT,275.52,3.41,N
48.26147,14.32779,310.21,0.56,0.52,2022-09-04,0024,N,nominal,2.0NRT,280.44,2.72,N
48.26278,14.33025,312.8,0.56,0.52,2022-09-04,0024,N,nominal,2.0NRT,280.55,2.86,N
48.33616,9.72953,295.25,0.46,0.64,2022-09-04,0024,N,nominal,2.0NRT,281.52,1.01,N
48.33332,9.72997,302.2,0.46,0.63,2022-09-04,0024,N,nominal,2.0NRT,282.88,1,N
48.194,12.83183,298.75,0.33,0.55,2022-09-04,0024,N,nominal,2.0NRT,283.12,0.81,N
47.03562,22.33208,296.74,0.41,0.37,2022-09-04,0024,N,nominal,2.0NRT,284.49,0.59,N
47.84536,13.01237,302.24,0.32,0.55,2022-09-04,0024,N,nominal,2.0NRT,283.08,0.72,N
46.94172,18.93554,301.96,0.52,0.41,2022-09-04,0024,N,nominal,2.0NRT,287.33,1.14,N
46.93651,18.94831,320.31,0.52,0.41,2022-09-04,0024,N,nominal,2.0NRT,285.57,2.63,N
45.42144,27.97446,295.83,0.43,0.38,2022-09-04,0024,N,nominal,2.0NRT,284.56,0.61,N
45.41697,27.97857,300.04,0.43,0.38,2022-09-04,0024,N,nominal,2.0NRT,283.98,0.63,N
45.9837,17.73397,296.21,0.56,0.43,2022-09-04,0024,N,nominal,2.0NRT,283.88,0.54,N
44.23875,28.31119,295.82,0.46,0.39,2022-09-04,0024,N,nominal,2.0NRT,285.18,0.46,N
46.06746,13.62899,304.81,0.58,0.52,2022-09-04,0024,N,nominal,2.0NRT,284.51,1.6,N
63.31754,9.14171,307.26,0.38,0.36,2022-09-04,0200,N,nominal,2.0NRT,285.13,1.22,N
59.23765,18.30275,297.35,0.44,0.46,2022-09-04,0200,N,nominal,2.0NRT,276.87,1.17,N
61.77355,5.29398,297.18,0.39,0.36,2022-09-04,0200,N,nominal,2.0NRT,283.34,1.17,N
55.48841,28.59855,321.46,0.64,0.72,2022-09-04,0200,N,nominal,2.0NRT,274.2,7.24,N
55.48483,28.60709,323.1,0.64,0.72,2022-09-04,0200,N,nominal,2.0NRT,274.79,5.65,N
61.10143,1.06777,327.35,0.45,0.39,2022-09-04,0200,N,nominal,2.0NRT,284.54,3.38,N
60.8043,1.44471,318.63,0.44,0.38,2022-09-04,0202,N,nominal,2.0NRT,284.65,1.67,N
60.73642,-2.49967,303.73,0.55,0.43,2022-09-04,0202,N,nominal,2.0NRT,284.22,0.78,N
59.64737,6.36024,318.75,0.38,0.36,2022-09-04,0202,N,nominal,2.0NRT,283.49,1.62,N
60.73777,-2.4951,303.31,0.55,0.43,2022-09-04,0202,N,nominal,2.0NRT,284.13,0.86,N
57.54654,12.68857,300.87,0.51,0.41,2022-09-04,0202,N,nominal,2.0NRT,278.24,0.92,N
53.98596,20.71564,367,0.41,0.6,2022-09-04,0202,N,high,2.0NRT,282,10.53,N
53.98781,20.71013,313.37,0.41,0.6,2022-09-04,0202,N,nominal,2.0NRT,277.56,9.62,N
56.3741,10.03911,297.82,0.46,0.39,2022-09-04,0202,N,nominal,2.0NRT,281.55,0.7,N
56.37391,10.04051,296.41,0.46,0.39,2022-09-04,0202,N,nominal,2.0NRT,281.09,0.62,N
56.39895,2.06258,306.92,0.39,0.36,2022-09-04,0202,N,nominal,2.0NRT,277.58,0.73,N
50.92746,21.67437,295.29,0.57,0.69,2022-09-04,0202,N,nominal,2.0NRT,279.47,1.19,N
51.10514,18.94026,302.76,0.45,0.63,2022-09-04,0202,N,nominal,2.0NRT,281.16,1.01,N
53.51854,10.03452,299.38,0.53,0.42,2022-09-04,0202,N,nominal,2.0NRT,285,0.36,N
53.51336,10.03297,295.82,0.53,0.42,2022-09-04,0202,N,nominal,2.0NRT,285.72,1.23,N
53.52248,9.8999,315.04,0.53,0.42,2022-09-04,0202,N,nominal,2.0NRT,286.52,2.14,N
51.68757,15.97671,311.38,0.33,0.55,2022-09-04,0202,N,nominal,2.0NRT,282.73,0.94,N
53.14022,8.67761,313.62,0.49,0.4,2022-09-04,0202,N,nominal,2.0NRT,286.83,1.76,N
53.13716,8.69163,296.2,0.49,0.4,2022-09-04,0202,N,nominal,2.0NRT,283.68,0.63,N
53.13892,8.67771,317.46,0.49,0.4,2022-09-04,0202,N,nominal,2.0NRT,287.01,2.12,N
53.13591,8.69176,309.72,0.49,0.4,2022-09-04,0202,N,nominal,2.0NRT,285.06,1.1,N
53.13387,8.6826,325.87,0.49,0.4,2022-09-04,0202,N,nominal,2.0NRT,286.86,2.72,N
53.13538,8.67558,313.46,0.49,0.4,2022-09-04,0202,N,nominal,2.0NRT,286.16,2.72,N
53.12527,8.6854,304.16,0.49,0.4,2022-09-04,0202,N,nominal,2.0NRT,286.12,1.64,N
52.35384,9.88477,297.15,0.56,0.43,2022-09-04,0202,N,nominal,2.0NRT,282.89,1.02,N
52.16438,10.43089,305.17,0.39,0.44,2022-09-04,0202,N,nominal,2.0NRT,283.97,1.65,N
52.16312,10.41759,315.21,0.39,0.44,2022-09-04,0202,N,nominal,2.0NRT,286.38,2,N
52.1593,10.41517,298.84,0.39,0.44,2022-09-04,0202,N,nominal,2.0NRT,284.43,1.09,N
52.15935,10.39638,299.48,0.39,0.44,2022-09-04,0202,N,nominal,2.0NRT,286.25,1.29,N
52.15677,10.40729,309.19,0.39,0.44,2022-09-04,0202,N,nominal,2.0NRT,284.57,1.09,N
52.15424,10.39941,339.84,0.39,0.44,2022-09-04,0202,N,nominal,2.0NRT,290.69,6.73,N
52.15295,10.40487,309.6,0.39,0.44,2022-09-04,0202,N,nominal,2.0NRT,284.19,4.2,N
52.15043,10.39698,326.17,0.39,0.44,2022-09-04,0202,N,nominal,2.0NRT,283.64,6.73,N
48.60932,21.17706,322.03,0.66,0.73,2022-09-04,0202,N,nominal,2.0NRT,279.15,3.99,N
48.60608,21.17921,317.59,0.66,0.73,2022-09-04,0202,N,nominal,2.0NRT,278.19,3.42,N
51.7793,10.60959,330.63,0.41,0.45,2022-09-04,0202,N,nominal,2.0NRT,284.88,2.34,N
51.7779,10.61539,308.54,0.41,0.45,2022-09-04,0202,N,nominal,2.0NRT,284.37,2.34,N
52.4677,7.32066,303.63,0.46,0.39,2022-09-04,0202,N,nominal,2.0NRT,285.34,0.78,N
52.46423,7.31875,297.92,0.46,0.39,2022-09-04,0202,N,nominal,2.0NRT,284.51,0.6,N
52.2101,8.04688,304.8,0.49,0.4,2022-09-04,0202,N,nominal,2.0NRT,285.23,1.16,N
52.17474,7.8879,304.09,0.49,0.4,2022-09-04,0202,N,nominal,2.0NRT,287.62,1.28,N
51.85943,8.02762,300.73,0.5,0.41,2022-09-04,0202,N,nominal,2.0NRT,285.42,0.59,N
52.49965,4.61329,302.05,0.4,0.37,2022-09-04,0202,N,nominal,2.0NRT,283.16,1.95,N
52.49636,4.61169,328.32,0.4,0.37,2022-09-04,0202,N,nominal,2.0NRT,286.19,1.95,N
52.49657,4.6115,329.68,0.4,0.37,2022-09-04,0202,N,nominal,2.0NRT,286.62,2.07,N
52.49328,4.6099,310.89,0.4,0.37,2022-09-04,0202,N,nominal,2.0NRT,283.57,2.07,N
52.49223,4.61567,309.87,0.4,0.37,2022-09-04,0202,N,nominal,2.0NRT,283.52,2.07,N
52.48774,4.6009,297.11,0.4,0.37,2022-09-04,0202,N,nominal,2.0NRT,282.4,0.45,N
52.48325,4.58615,332.42,0.4,0.37,2022-09-04,0202,N,nominal,2.0NRT,285.13,4.33,N
52.48221,4.59192,319.26,0.4,0.37,2022-09-04,0202,N,nominal,2.0NRT,284.64,2.69,N
52.47788,4.59609,305.64,0.4,0.37,2022-09-04,0202,N,nominal,2.0NRT,285.01,1.4,N
52.47474,4.61343,300.1,0.4,0.37,2022-09-04,0202,N,nominal,2.0NRT,284.43,0.75,N
52.47667,4.58296,306.18,0.4,0.37,2022-09-04,0202,N,nominal,2.0NRT,285.52,0.79,N
51.62278,8.49848,295.25,0.52,0.42,2022-09-04,0204,N,nominal,2.0NRT,285.07,1.06,N
47.90541,21.01759,297.37,0.69,0.74,2022-09-04,0204,N,nominal,2.0NRT,279.99,0.98,N
47.90526,21.01695,295.16,0.69,0.74,2022-09-04,0204,N,nominal,2.0NRT,280.06,1.48,N
51.5186,6.96539,301.28,0.47,0.4,2022-09-04,0204,N,nominal,2.0NRT,285.39,0.72,N
51.51724,6.97192,295.26,0.47,0.4,2022-09-04,0204,N,nominal,2.0NRT,285.24,0.4,N
51.50404,6.73522,304.57,0.46,0.39,2022-09-04,0204,N,nominal,2.0NRT,288.23,1.42,N
51.50187,6.727,304.53,0.46,0.39,2022-09-04,0204,N,nominal,2.0NRT,290.04,1.26,N
51.49577,6.73797,325.5,0.46,0.39,2022-09-04,0204,N,nominal,2.0NRT,288.38,2.61,N
51.49446,6.74441,318.03,0.46,0.39,2022-09-04,0204,N,nominal,2.0NRT,288.3,2.61,N
51.49229,6.73614,320.12,0.46,0.39,2022-09-04,0204,N,nominal,2.0NRT,288.9,2.84,N
51.48533,6.73247,301.04,0.46,0.39,2022-09-04,0204,N,nominal,2.0NRT,287.62,0.48,N
51.48582,6.71134,325.17,0.46,0.39,2022-09-04,0204,N,nominal,2.0NRT,289.63,3.37,N
51.4845,6.71778,317.75,0.46,0.39,2022-09-04,0204,N,nominal,2.0NRT,288,1.6,N
51.48318,6.72421,303.71,0.46,0.39,2022-09-04,0204,N,nominal,2.0NRT,287.04,1.6,N
51.48366,6.7031,331.62,0.46,0.39,2022-09-04,0204,N,nominal,2.0NRT,289.41,2.86,N
51.48234,6.70951,317.67,0.46,0.39,2022-09-04,0204,N,nominal,2.0NRT,287.12,2.86,N
51.48102,6.71595,316.7,0.46,0.39,2022-09-04,0204,N,nominal,2.0NRT,286.98,2.46,N
51.48149,6.69488,303.35,0.46,0.39,2022-09-04,0204,N,nominal,2.0NRT,287.15,1.15,N
51.46398,6.74255,318.15,0.46,0.39,2022-09-04,0204,N,nominal,2.0NRT,286.69,2.09,N
51.46049,6.74071,300.18,0.46,0.39,2022-09-04,0204,N,nominal,2.0NRT,286.21,0.9,N
51.45917,6.74714,301.06,0.46,0.39,2022-09-04,0204,N,nominal,2.0NRT,286.02,0.43,N
51.94344,4.10625,302.79,0.4,0.37,2022-09-04,0204,N,nominal,2.0NRT,286.9,1.01,N
51.87386,4.29413,299.57,0.4,0.37,2022-09-04,0204,N,nominal,2.0NRT,285.1,1.01,N
51.36967,6.71345,303.5,0.46,0.39,2022-09-04,0204,N,nominal,2.0NRT,288.09,3.63,N
51.36751,6.70519,333.91,0.46,0.39,2022-09-04,0204,N,nominal,2.0NRT,290.03,3.63,N
51.36619,6.71161,299.47,0.46,0.39,2022-09-04,0204,N,nominal,2.0NRT,288.42,3.63,N
51.29593,7.01247,309.34,0.47,0.4,2022-09-04,0204,N,nominal,2.0NRT,286.8,1.19,N
51.41662,5.92586,295.62,0.44,0.38,2022-09-04,0204,N,nominal,2.0NRT,285.37,1.66,N
51.32238,4.81741,311.89,0.42,0.37,2022-09-04,0204,N,nominal,2.0NRT,287.03,1.51,N
51.31904,4.8158,301.38,0.42,0.37,2022-09-04,0204,N,nominal,2.0NRT,285.37,0.89,N
51.26635,4.32588,302.36,0.41,0.37,2022-09-04,0204,N,nominal,2.0NRT,286.95,1.35,N
51.25655,4.3399,303.56,0.41,0.37,2022-09-04,0204,N,nominal,2.0NRT,286.73,0.52,N
51.18471,4.3244,297.84,0.41,0.37,2022-09-04,0204,N,nominal,2.0NRT,284.58,0.95,N
51.16495,4.33376,298.93,0.41,0.37,2022-09-04,0204,N,nominal,2.0NRT,284.09,1.06,N
51.18425,3.81446,301.77,0.4,0.37,2022-09-04,0204,N,nominal,2.0NRT,285.37,1.16,N
51.17767,3.81146,302.75,0.4,0.37,2022-09-04,0204,N,nominal,2.0NRT,285.93,4.28,N
51.17437,3.80995,349.49,0.4,0.37,2022-09-04,0204,N,nominal,2.0NRT,292.03,4.28,N
51.17537,3.80434,317.27,0.4,0.37,2022-09-04,0204,N,nominal,2.0NRT,286.42,4.12,N
51.17208,3.80284,331.29,0.4,0.37,2022-09-04,0204,N,nominal,2.0NRT,288.42,2.39,N
51.17107,3.80845,323.75,0.4,0.37,2022-09-04,0204,N,nominal,2.0NRT,287.91,4,N
51.16778,3.80694,333.18,0.4,0.37,2022-09-04,0204,N,nominal,2.0NRT,287.59,4,N
51.16677,3.81255,332.7,0.4,0.37,2022-09-04,0204,N,nominal,2.0NRT,288.11,4,N
51.16879,3.80134,299.87,0.4,0.37,2022-09-04,0204,N,nominal,2.0NRT,286.83,2.39,N
50.76329,5.67037,314.87,0.44,0.39,2022-09-04,0204,N,nominal,2.0NRT,287.19,2.09,N
50.5703,5.36777,305.14,0.44,0.38,2022-09-04,0204,N,nominal,2.0NRT,286.46,1.12,N
50.57116,5.36813,305.22,0.44,0.38,2022-09-04,0204,N,nominal,2.0NRT,286.05,1.29,N
48.27691,14.32354,309.26,0.36,0.58,2022-09-04,0204,N,nominal,2.0NRT,284.42,1.05,N
48.27555,14.32812,296.79,0.36,0.58,2022-09-04,0204,N,nominal,2.0NRT,284.06,1.05,N
48.27281,14.33728,297.1,0.36,0.58,2022-09-04,0204,N,nominal,2.0NRT,282.6,0.69,N
51.04604,2.29555,302.32,0.39,0.36,2022-09-04,0204,N,nominal,2.0NRT,267.83,0.98,N
51.03392,2.28467,298.12,0.39,0.36,2022-09-04,0204,N,nominal,2.0NRT,270.46,1.21,N
51.03157,2.2779,307.87,0.39,0.36,2022-09-04,0204,N,nominal,2.0NRT,270.97,1.3,N
48.27206,14.3246,308.1,0.36,0.58,2022-09-04,0204,N,nominal,2.0NRT,282.91,1.26,N
50.48861,4.19473,298.46,0.41,0.37,2022-09-04,0204,N,nominal,2.0NRT,286.98,0.46,N
50.47328,3.98979,328.17,0.41,0.37,2022-09-04,0204,N,nominal,2.0NRT,288.33,3,N
49.5169,8.41957,299.45,0.38,0.44,2022-09-04,0204,N,nominal,2.0NRT,285.99,0.56,N
50.69913,2.11139,305.18,0.39,0.36,2022-09-04,0204,N,nominal,2.0NRT,273.68,0.8,N
50.33537,3.49148,300.59,0.4,0.37,2022-09-04,0204,N,nominal,2.0NRT,276.61,0.65,N
49.05993,8.32879,297.67,0.39,0.44,2022-09-04,0204,N,nominal,2.0NRT,286.84,0.95,N
47.84336,13.01389,296.49,0.33,0.55,2022-09-04,0204,N,nominal,2.0NRT,282.22,0.55,N
49.3594,6.74917,301.47,0.51,0.41,2022-09-04,0204,N,nominal,2.0NRT,286.09,1.25,N
49.52554,5.90226,327.84,0.47,0.4,2022-09-04,0204,N,nominal,2.0NRT,285.85,3.03,N
49.34995,6.73699,328.43,0.51,0.41,2022-09-04,0204,N,nominal,2.0NRT,286.88,3.86,N
49.52201,5.90055,315.44,0.47,0.4,2022-09-04,0204,N,nominal,2.0NRT,285,1.63,N
49.50672,5.95577,312.09,0.47,0.4,2022-09-04,0204,N,nominal,2.0NRT,285.98,1.13,N
49.5054,5.96215,298.06,0.47,0.4,2022-09-04,0204,N,nominal,2.0NRT,284.26,1.13,N
49.50319,5.95405,297.78,0.47,0.4,2022-09-04,0204,N,nominal,2.0NRT,285.38,1.47,N
49.49966,5.95233,311.65,0.47,0.4,2022-09-04,0204,N,nominal,2.0NRT,285.44,1.47,N
49.46535,6.00498,299.65,0.48,0.4,2022-09-04,0204,N,nominal,2.0NRT,285.22,0.63,N
49.24556,6.84978,332.48,0.51,0.41,2022-09-04,0204,N,nominal,2.0NRT,287.65,7.11,N
48.36943,9.73635,296.94,0.46,0.47,2022-09-04,0204,N,nominal,2.0NRT,283.16,0.52,N
48.33336,9.7299,302.76,0.46,0.47,2022-09-04,0204,N,nominal,2.0NRT,283.84,1.28,N
48.60055,7.82104,309.38,0.38,0.43,2022-09-04,0204,N,nominal,2.0NRT,288.34,1.98,N
48.59673,7.81905,302.27,0.38,0.43,2022-09-04,0204,N,nominal,2.0NRT,287.8,1.72,N
48.22556,8.77529,295.46,0.43,0.46,2022-09-04,0204,N,nominal,2.0NRT,284.37,0.35,N
48.717,5.6787,295.55,0.48,0.4,2022-09-04,0204,N,nominal,2.0NRT,285.1,0.78,N
48.76869,4.56541,301.18,0.44,0.39,2022-09-04,0204,N,nominal,2.0NRT,286.18,0.75,N
48.98394,1.76196,326.64,0.39,0.36,2022-09-04,0204,N,nominal,2.0NRT,288.1,2.23,N
47.06897,8.2631,314.47,0.43,0.46,2022-09-04,0204,N,nominal,2.0NRT,284.59,1.64,N
47.17479,7.56154,317.43,0.4,0.44,2022-09-04,0204,N,nominal,2.0NRT,284.39,2.66,N
45.51794,11.4955,311.86,0.33,0.55,2022-09-04,0204,N,nominal,2.0NRT,286.93,0.68,N
45.3793,11.9452,299.81,0.35,0.57,2022-09-04,0204,N,nominal,2.0NRT,286.41,0.51,N
45.37988,11.94407,299.6,0.35,0.57,2022-09-04,0204,N,nominal,2.0NRT,286.87,0.73,N
45.37869,11.94831,297.07,0.35,0.57,2022-09-04,0204,N,nominal,2.0NRT,286.6,0.55,N
48.10916,-1.03755,297.33,0.39,0.36,2022-09-04,0204,N,nominal,2.0NRT,286.6,0.79,N
45.34347,11.06964,304.12,0.32,0.55,2022-09-04,0204,N,nominal,2.0NRT,286.99,0.68,N
45.50869,10.24216,302.68,0.58,0.52,2022-09-04,0204,N,nominal,2.0NRT,287.04,1.25,N
45.45896,10.45536,302.17,0.6,0.53,2022-09-04,0204,N,nominal,2.0NRT,287.2,1.24,N
45.50927,10.24376,302.91,0.58,0.52,2022-09-04,0204,N,nominal,2.0NRT,287.31,1.29,N
47.08258,2.99922,298.3,0.42,0.38,2022-09-04,0204,N,nominal,2.0NRT,286.67,0.71,N
45.14481,9.94121,356.27,0.58,0.52,2022-09-04,0204,N,nominal,2.0NRT,288.41,13.56,N
45.14555,9.94064,342.22,0.58,0.52,2022-09-04,0204,N,nominal,2.0NRT,289.09,14.3,N
47.31608,-2.05658,313.85,0.39,0.37,2022-09-04,0204,N,nominal,2.0NRT,286.4,0.98,N
45.24603,6.40964,297.18,0.4,0.44,2022-09-04,0204,N,nominal,2.0NRT,284.24,1.02,N
43.44748,4.89609,336.6,0.57,0.43,2022-09-04,0206,N,nominal,2.0NRT,290.85,3.45,N
43.44597,4.9029,302.79,0.57,0.43,2022-09-04,0206,N,nominal,2.0NRT,289.21,3.45,N
43.44212,4.9013,320.28,0.57,0.43,2022-09-04,0206,N,nominal,2.0NRT,289.1,3.45,N
43.44363,4.89449,310.31,0.57,0.43,2022-09-04,0206,N,nominal,2.0NRT,289.7,3.45,N
43.44278,4.87933,308.96,0.56,0.43,2022-09-04,0206,N,nominal,2.0NRT,290.03,3.05,N
43.43978,4.8929,316.32,0.57,0.43,2022-09-04,0206,N,nominal,2.0NRT,290.42,2.14,N
43.43593,4.89131,309.32,0.57,0.43,2022-09-04,0206,N,nominal,2.0NRT,290.03,2.14,N
43.43291,4.90494,304.53,0.57,0.43,2022-09-04,0206,N,nominal,2.0NRT,289.43,0.83,N
43.43057,4.89654,300.16,0.57,0.43,2022-09-04,0206,N,nominal,2.0NRT,288.02,2.33,N
43.42974,4.88135,303.28,0.57,0.43,2022-09-04,0206,N,nominal,2.0NRT,289.62,0.93,N
43.43771,4.89132,324.69,0.57,0.43,2022-09-04,0206,N,nominal,2.0NRT,290.57,4.28,N
43.43475,4.90499,303.4,0.57,0.43,2022-09-04,0206,N,nominal,2.0NRT,288.97,1.14,N
43.43238,4.89655,302.98,0.57,0.43,2022-09-04,0206,N,nominal,2.0NRT,288.49,1.14,N
66.312,14.1798,300.62,0.39,0.36,2022-09-04,0158,N,nominal,2.0NRT,276.91,3.67,N
66.30895,14.1762,332.75,0.39,0.36,2022-09-04,0158,N,nominal,2.0NRT,277.58,3.67,N
64.66535,21.28558,336.7,0.53,0.42,2022-09-04,0158,N,nominal,2.0NRT,278.31,5.54,N
64.66199,21.28091,307.37,0.53,0.42,2022-09-04,0158,N,nominal,2.0NRT,277.88,2.42,N
66.02508,8.08641,298.65,0.4,0.37,2022-09-04,0200,N,nominal,2.0NRT,283.59,0.55,N
59.38565,28.4607,300.24,0.43,0.62,2022-09-04,0200,N,nominal,2.0NRT,277.69,0.8,N
59.38359,28.46146,297.3,0.43,0.62,2022-09-04,0200,N,nominal,2.0NRT,277.14,0.54,N
43.44373,-3.84452,300.85,0.4,0.37,2022-09-04,0206,N,nominal,2.0NRT,288.1,0.99,N
43.30877,-3.02456,307.02,0.39,0.36,2022-09-04,0206,N,nominal,2.0NRT,290.47,0.58,N
43.56171,-5.7273,295.95,0.45,0.39,2022-09-04,0206,N,nominal,2.0NRT,285.54,0.82,N
43.55235,-5.86178,298.25,0.45,0.39,2022-09-04,0206,N,nominal,2.0NRT,285.69,0.63,N
43.54314,-5.84634,297.28,0.45,0.39,2022-09-04,0206,N,nominal,2.0NRT,285.42,1.26,N
43.54179,-5.83517,300.6,0.45,0.39,2022-09-04,0206,N,nominal,2.0NRT,286.15,0.92,N
43.54111,-5.82952,306.58,0.45,0.39,2022-09-04,0206,N,nominal,2.0NRT,286.54,0.92,N
43.52898,-5.72918,312.06,0.45,0.39,2022-09-04,0206,N,nominal,2.0NRT,287.31,1.71,N
43.53754,-5.83036,328,0.45,0.39,2022-09-04,0206,N,nominal,2.0NRT,285.58,3.5,N
43.52608,-5.73549,297.9,0.45,0.39,2022-09-04,0206,N,nominal,2.0NRT,287.47,1.14,N
43.52541,-5.73,304.89,0.45,0.39,2022-09-04,0206,N,nominal,2.0NRT,287.38,1.14,N
38.79333,15.21126,303.09,0.77,0.78,2022-09-04,0206,N,nominal,2.0NRT,286.82,0.23,N
43.03396,-2.21831,320.93,0.38,0.36,2022-09-04,0206,N,nominal,2.0NRT,289.47,1.68,N
42.81572,-1.74295,316.83,0.38,0.36,2022-09-04,0206,N,nominal,2.0NRT,288.62,1.4,N
42.81244,-1.74392,315.2,0.38,0.36,2022-09-04,0206,N,nominal,2.0NRT,287.52,1.4,N
43.3304,-5.77565,300.67,0.45,0.39,2022-09-04,0206,N,nominal,2.0NRT,285.9,0.61,N
41.40769,1.99745,306.08,0.47,0.4,2022-09-04,0206,N,nominal,2.0NRT,291.66,0.96,N
41.31357,1.66357,312.91,0.46,0.39,2022-09-04,0206,N,nominal,2.0NRT,291.77,1.24,N
41.4747,-1.48707,307.36,0.39,0.36,2022-09-04,0206,N,nominal,2.0NRT,290.63,0.91,N
38.08858,12.75407,300.25,0.62,0.71,2022-09-04,0206,N,nominal,2.0NRT,269.92,2.56,N
38.08692,12.73613,302.28,0.62,0.71,2022-09-04,0206,N,nominal,2.0NRT,268.43,3.07,N
38.08468,12.74338,309.04,0.62,0.71,2022-09-04,0206,N,nominal,2.0NRT,271.03,2.77,N
38.08249,12.75048,299.88,0.62,0.71,2022-09-04,0206,N,nominal,2.0NRT,272.07,2.77,N
42.27423,-8.58959,295.57,0.56,0.43,2022-09-04,0206,N,nominal,2.0NRT,284.06,0.45,N
37.47752,13.7129,306.9,0.72,0.75,2022-09-04,0206,N,nominal,2.0NRT,285.69,2.59,N
40.24354,-3.47309,327.8,0.39,0.36,2022-09-04,0206,N,nominal,2.0NRT,291.52,1.67,N
40.24422,-3.47759,300.69,0.39,0.36,2022-09-04,0206,N,nominal,2.0NRT,289.15,1.67,N
40.3293,-7.64899,327.23,0.49,0.4,2022-09-04,0206,N,nominal,2.0NRT,280.17,2.47,N
38.3757,-0.54255,307.3,0.43,0.38,2022-09-04,0209,N,nominal,2.0NRT,293.48,1.27,N
38.05224,-0.72993,310.77,0.42,0.38,2022-09-04,0209,N,nominal,2.0NRT,292.48,0.98,N
38.05136,-0.72513,311.67,0.42,0.38,2022-09-04,0209,N,nominal,2.0NRT,293,1.16,N
38.04881,-0.73091,330.54,0.42,0.38,2022-09-04,0209,N,nominal,2.0NRT,294.82,25.95,N
38.04724,-0.72812,336.32,0.42,0.38,2022-09-04,0209,N,nominal,2.0NRT,292.82,10.07,N
38.92216,-9.01403,296.55,0.54,0.42,2022-09-04,0209,N,nominal,2.0NRT,284.56,1.17,N
38.92168,-9.00932,301.36,0.54,0.42,2022-09-04,0209,N,nominal,2.0NRT,287.57,0.99,N
37.57111,-0.91514,307.96,0.42,0.38,2022-09-04,0209,N,nominal,2.0NRT,294.18,1.36,N
38.62814,-9.08112,300.21,0.54,0.42,2022-09-04,0209,N,nominal,2.0NRT,289.18,0.76,N
36.17735,3.74668,304.3,0.48,0.48,2022-09-04,0209,N,nominal,2.0NRT,289.24,1.34,N
35.34888,5.76153,328,0.32,0.54,2022-09-04,0209,N,nominal,2.0NRT,292.79,3.51,N
37.36549,-5.29125,307.78,0.39,0.36,2022-09-04,0209,N,nominal,2.0NRT,287.38,0.71,N
37.36061,-5.86699,308.81,0.4,0.37,2022-09-04,0209,N,nominal,2.0NRT,292.27,1.02,N
36.12736,1.24112,300.4,0.54,0.42,2022-09-04,0209,N,nominal,2.0NRT,280.66,2.69,N
37.22208,-5.87366,328.66,0.4,0.37,2022-09-04,0209,N,nominal,2.0NRT,291.08,4.98,N
34.98044,5.71482,314.35,0.32,0.55,2022-09-04,0209,N,nominal,2.0NRT,296.72,1.62,N
36.71231,-4.33072,303.38,0.38,0.36,2022-09-04,0209,N,nominal,2.0NRT,292.68,1.02,N
35.81617,-0.26698,313.49,0.47,0.4,2022-09-04,0209,N,nominal,2.0NRT,292.25,2.71,N
35.80964,-0.25274,335.52,0.47,0.4,2022-09-04,0209,N,nominal,2.0NRT,292.41,3.32,N
35.80667,-0.23734,328.88,0.47,0.4,2022-09-04,0209,N,nominal,2.0NRT,292.59,3.08,N
35.81359,-0.27324,314.62,0.47,0.4,2022-09-04,0209,N,nominal,2.0NRT,289.81,2.27,N
35.81062,-0.25784,314.13,0.47,0.4,2022-09-04,0209,N,nominal,2.0NRT,282.24,1.6,N
35.80705,-0.25895,313.1,0.47,0.4,2022-09-04,0209,N,nominal,2.0NRT,289.24,1.6,N
35.80606,-0.25383,311.4,0.47,0.4,2022-09-04,0209,N,nominal,2.0NRT,291,3.32,N
35.74342,-5.75374,300.26,0.39,0.36,2022-09-04,0209,N,nominal,2.0NRT,289.62,0.15,N
34.53375,-5.17804,299.31,0.39,0.36,2022-09-04,0209,N,nominal,2.0NRT,289.17,0.43,N
34.53311,-5.17387,300.82,0.39,0.36,2022-09-04,0209,N,nominal,2.0NRT,289.27,0.43,N
34.27999,-6.57403,313.09,0.4,0.37,2022-09-04,0209,N,nominal,2.0NRT,289.68,1.18,N
63.31665,9.14424,304.07,0.41,0.6,2022-09-04,0340,N,nominal,2.0NRT,279.73,1.6,N
61.7742,5.29604,299.73,0.39,0.59,2022-09-04,0340,N,nominal,2.0NRT,282.82,0.91,N
60.8056,1.45146,311.3,0.34,0.56,2022-09-04,0340,N,nominal,2.0NRT,282.88,1.12,N
60.73642,-2.49442,304.06,0.53,0.5,2022-09-04,0342,N,nominal,2.0NRT,283.95,0.96,N
37.79446,31.62361,333.8,0.35,0.57,2022-09-04,1006,N,low,2.0NRT,304.77,2.9,D
38.30934,31.67145,332.38,0.34,0.56,2022-09-04,1006,N,low,2.0NRT,304.49,2.85,D
38.43336,31.375,333,0.35,0.57,2022-09-04,1006,N,nominal,2.0NRT,300.33,1.86,D
50.63626,31.05206,327.92,0.54,0.42,2022-09-04,1011,N,nominal,2.0NRT,296.53,3.05,D
50.95669,30.31575,332.6,0.56,0.43,2022-09-04,1011,N,nominal,2.0NRT,300.1,6.9,D
50.95364,30.09084,325.91,0.38,0.43,2022-09-04,1011,N,nominal,2.0NRT,289.27,3.57,D
50.95243,30.08559,331.91,0.38,0.43,2022-09-04,1011,N,nominal,2.0NRT,296.36,3.17,D
51.44616,29.9046,341.16,0.57,0.43,2022-09-04,1011,N,nominal,2.0NRT,293.62,8.16,D
51.44437,29.89677,347.38,0.57,0.43,2022-09-04,1011,N,nominal,2.0NRT,295.16,11.81,D
51.45173,29.91023,329.65,0.57,0.43,2022-09-04,1011,N,nominal,2.0NRT,289.61,4.88,D
51.44995,29.90238,338.12,0.57,0.43,2022-09-04,1011,N,nominal,2.0NRT,293.41,4.88,D
51.44458,29.87883,331.35,0.57,0.43,2022-09-04,1011,N,nominal,2.0NRT,294.42,6.91,D
51.45552,29.90801,325.56,0.57,0.43,2022-09-04,1011,N,nominal,2.0NRT,289.71,4.88,D
51.45728,29.53364,343.12,0.39,0.44,2022-09-04,1011,N,nominal,2.0NRT,295.68,4.49,D
51.45604,29.52828,339.5,0.39,0.44,2022-09-04,1011,N,nominal,2.0NRT,290.43,4.49,D
53.44198,34.41573,325.24,0.4,0.37,2022-09-04,1011,N,nominal,2.0NRT,292.53,2.79,D
53.13341,32.24079,345.24,0.45,0.39,2022-09-04,1011,N,nominal,2.0NRT,299.06,20.22,D
55.4844,28.60474,327.52,0.51,0.41,2022-09-04,1011,N,nominal,2.0NRT,286.24,1.95,D
55.05233,25.81199,325.44,0.42,0.45,2022-09-04,1013,N,nominal,2.0NRT,293.47,2.39,D
37.74797,31.70675,354.62,0.51,0.66,2022-09-04,1147,N,nominal,2.0NRT,311.48,14.18,D
37.87393,31.62726,335.69,0.5,0.66,2022-09-04,1147,N,low,2.0NRT,307.22,6.14,D
37.8803,31.63285,338.5,0.5,0.66,2022-09-04,1147,N,nominal,2.0NRT,307.31,8.68,D
36.0642,14.24688,348.36,0.47,0.39,2022-09-04,1147,N,nominal,2.0NRT,307.5,14.01,D
35.77184,10.66093,335.97,0.46,0.47,2022-09-04,1147,N,nominal,2.0NRT,301.39,4.82,D
37.11026,14.65668,335.23,0.44,0.38,2022-09-04,1147,N,low,2.0NRT,305.83,13.83,D
37.11372,14.65562,342.41,0.44,0.38,2022-09-04,1147,N,nominal,2.0NRT,307.87,13.83,D
37.25961,14.65713,340.29,0.44,0.38,2022-09-04,1149,N,nominal,2.0NRT,307.59,6.55,D
37.28456,14.69258,341.03,0.43,0.38,2022-09-04,1149,N,nominal,2.0NRT,306.19,3.55,D
37.36897,14.97983,354.63,0.42,0.38,2022-09-04,1149,N,nominal,2.0NRT,310.21,8.62,D
37.36813,14.97511,334.98,0.42,0.38,2022-09-04,1149,N,nominal,2.0NRT,306.99,8.62,D
37.29454,14.52699,334.18,0.44,0.38,2022-09-04,1149,N,low,2.0NRT,305.49,1.39,D
36.6753,10.75579,337.76,0.44,0.46,2022-09-04,1149,N,nominal,2.0NRT,304.74,2.73,D
36.65704,10.58921,330.59,0.45,0.47,2022-09-04,1149,N,low,2.0NRT,302.6,1.12,D
37.3811,14.07078,337.9,0.45,0.39,2022-09-04,1149,N,nominal,2.0NRT,309.7,4.7,D
37.38019,14.06594,338.73,0.45,0.39,2022-09-04,1149,N,nominal,2.0NRT,307.18,5.86,D
37.38464,14.06981,341.95,0.45,0.39,2022-09-04,1149,N,nominal,2.0NRT,309.62,4.7,D
37.38374,14.06498,345.1,0.45,0.39,2022-09-04,1149,N,nominal,2.0NRT,310.33,5.86,D
37.41319,13.62457,344.97,0.47,0.4,2022-09-04,1149,N,nominal,2.0NRT,303.09,5.16,D
36.47296,9.13257,337.58,0.54,0.51,2022-09-04,1149,N,nominal,2.0NRT,303.27,4.52,D
37.56441,14.04817,346.48,0.45,0.39,2022-09-04,1149,N,nominal,2.0NRT,310.74,6.2,D
37.52283,13.78433,342.55,0.46,0.39,2022-09-04,1149,N,nominal,2.0NRT,305.54,5.78,D
37.52185,13.77912,334.52,0.46,0.39,2022-09-04,1149,N,low,2.0NRT,306.21,2.13,D
37.51725,13.75453,353.24,0.46,0.39,2022-09-04,1149,N,nominal,2.0NRT,307.14,7.73,D
37.55299,13.74085,333.46,0.46,0.39,2022-09-04,1149,N,low,2.0NRT,305.03,1.24,D
37.59156,13.7855,343.43,0.46,0.39,2022-09-04,1149,N,nominal,2.0NRT,309.82,8.32,D
37.63779,13.832,334.1,0.46,0.39,2022-09-04,1149,N,low,2.0NRT,308.07,2.38,D
37.0737,9.97156,339.45,0.47,0.48,2022-09-04,1149,N,nominal,2.0NRT,303.57,5.17,D
37.07256,9.96645,343.56,0.47,0.48,2022-09-04,1149,N,nominal,2.0NRT,306.57,5.17,D
37.078,9.97016,337.2,0.47,0.48,2022-09-04,1149,N,nominal,2.0NRT,304.74,6.29,D
37.07687,9.96507,344.06,0.47,0.48,2022-09-04,1149,N,nominal,2.0NRT,305.52,6.29,D
37.07719,9.96897,343.63,0.47,0.48,2022-09-04,1149,N,nominal,2.0NRT,306.65,14.54,D
37.73013,12.93657,331.78,0.5,0.41,2022-09-04,1149,N,low,2.0NRT,302.54,2.57,D
37.00274,9.54354,343.57,0.5,0.49,2022-09-04,1149,N,nominal,2.0NRT,304.67,8.61,D
37.00154,9.53835,343.85,0.5,0.49,2022-09-04,1149,N,nominal,2.0NRT,306.84,8.61,D
37.85214,13.54488,345.48,0.47,0.4,2022-09-04,1149,N,nominal,2.0NRT,309.4,8.42,D
37.00711,9.54196,348.85,0.5,0.49,2022-09-04,1149,N,nominal,2.0NRT,306.01,8.87,D
37.00589,9.53669,345.04,0.5,0.49,2022-09-04,1149,N,nominal,2.0NRT,307.21,8.87,D
37.8568,13.54945,367,0.47,0.4,2022-09-04,1149,N,high,2.0NRT,310.13,8.42,D
37.84092,13.26767,338.66,0.48,0.4,2022-09-04,1149,N,nominal,2.0NRT,306.39,2.42,D
37.82017,13.15985,335.88,0.49,0.4,2022-09-04,1149,N,low,2.0NRT,307.65,2.07,D
37.82383,13.1589,341.62,0.49,0.4,2022-09-04,1149,N,nominal,2.0NRT,307.29,3.59,D
37.81737,13.12536,337.66,0.49,0.4,2022-09-04,1149,N,low,2.0NRT,308.23,7.44,D
37.82852,13.16326,340.88,0.48,0.4,2022-09-04,1149,N,nominal,2.0NRT,306.81,3.59,D
37.82751,13.15799,337.94,0.49,0.4,2022-09-04,1149,N,nominal,2.0NRT,307.11,3.59,D
37.81998,13.11893,337.67,0.49,0.4,2022-09-04,1149,N,low,2.0NRT,308.62,5.38,D
37.85797,13.25679,337.67,0.48,0.4,2022-09-04,1149,N,nominal,2.0NRT,309.01,3.08,D
37.85695,13.25141,335.95,0.48,0.4,2022-09-04,1149,N,low,2.0NRT,309.58,3.08,D
37.97685,13.48318,331,0.47,0.4,2022-09-04,1149,N,low,2.0NRT,304.29,0.4,D
37.93405,13.17982,344.76,0.48,0.4,2022-09-04,1149,N,nominal,2.0NRT,309.41,7.17,D
37.93766,13.17864,345.75,0.48,0.4,2022-09-04,1149,N,nominal,2.0NRT,307.67,3.75,D
37.99891,13.39978,338.52,0.47,0.4,2022-09-04,1149,N,nominal,2.0NRT,303.85,31.49,D
37.99793,13.3946,352.91,0.47,0.4,2022-09-04,1149,N,nominal,2.0NRT,318.27,31.49,D
37.997,13.38968,343.5,0.47,0.4,2022-09-04,1149,N,nominal,2.0NRT,312.75,15.8,D
38.00449,13.40918,336.14,0.47,0.4,2022-09-04,1149,N,nominal,2.0NRT,301.27,3.7,D
38.00351,13.40405,332.32,0.47,0.4,2022-09-04,1149,N,nominal,2.0NRT,299.46,3.7,D
38.00253,13.3988,346.56,0.47,0.4,2022-09-04,1149,N,nominal,2.0NRT,316.1,29.58,D
38.00154,13.39363,339.29,0.47,0.4,2022-09-04,1149,N,low,2.0NRT,310.06,29.58,D
38.0006,13.38863,349.45,0.47,0.4,2022-09-04,1149,N,nominal,2.0NRT,309.76,6.58,D
38.00805,13.40792,336.29,0.47,0.4,2022-09-04,1149,N,nominal,2.0NRT,300.48,3.7,D
38.00609,13.39757,350.94,0.47,0.4,2022-09-04,1149,N,nominal,2.0NRT,307.95,29.58,D
38.00417,13.38748,343.81,0.47,0.4,2022-09-04,1149,N,nominal,2.0NRT,307.33,6.58,D
37.94331,13.06787,345.59,0.49,0.4,2022-09-04,1149,N,nominal,2.0NRT,306.34,3.96,D
38.01061,13.40142,336.65,0.47,0.4,2022-09-04,1149,N,nominal,2.0NRT,306.32,6.22,D
38.00771,13.38605,350.81,0.47,0.4,2022-09-04,1149,N,nominal,2.0NRT,309.14,7.67,D
37.94697,13.06688,349.28,0.49,0.4,2022-09-04,1149,N,nominal,2.0NRT,311.08,7.03,D
37.9459,13.06125,337.6,0.49,0.4,2022-09-04,1149,N,low,2.0NRT,309.31,4.55,D
38.01122,13.38453,342,0.47,0.4,2022-09-04,1149,N,nominal,2.0NRT,307.12,7.67,D
38.01311,13.39771,330.8,0.47,0.4,2022-09-04,1149,N,low,2.0NRT,305.27,3.94,D
38.01015,13.38239,336.28,0.47,0.4,2022-09-04,1149,N,low,2.0NRT,306.56,9.15,D
37.94798,13.06404,335.49,0.49,0.4,2022-09-04,1149,N,low,2.0NRT,309.35,3.61,D
37.95221,12.98729,344.92,0.49,0.4,2022-09-04,1149,N,nominal,2.0NRT,304.33,8.27,D
37.29126,9.65089,337.18,0.48,0.48,2022-09-04,1149,N,nominal,2.0NRT,302.71,2.47,D
38.74601,16.50195,334.65,0.39,0.36,2022-09-04,1149,N,nominal,2.0NRT,300.77,3.7,D
40.21101,29.7423,333.21,0.41,0.61,2022-09-04,1149,N,nominal,2.0NRT,292.24,1.5,D
42.43067,26.3417,343.77,0.57,0.52,2022-09-04,1147,N,nominal,2.0NRT,303.07,40.38,D
42.4302,26.33462,337.07,0.57,0.52,2022-09-04,1147,N,nominal,2.0NRT,299.8,162.33,D
42.43551,26.34114,349.35,0.57,0.52,2022-09-04,1147,N,nominal,2.0NRT,300.19,40.38,D
46.62256,30.46608,337.9,0.49,0.65,2022-09-04,1149,N,nominal,2.0NRT,294.14,6.46,D
43.44748,4.90012,341.11,0.59,0.53,2022-09-04,1149,N,nominal,2.0NRT,299.48,8.07,D
43.44535,4.89977,338.16,0.59,0.53,2022-09-04,1149,N,nominal,2.0NRT,299.44,7.48,D
45.63715,13.77532,340.46,0.39,0.36,2022-09-04,1149,N,nominal,2.0NRT,301.34,3.83,D
45.53242,11.83688,343.21,0.42,0.38,2022-09-04,1149,N,nominal,2.0NRT,297.93,4.68,D
45.62329,11.78935,339,0.42,0.38,2022-09-04,1149,N,nominal,2.0NRT,299.87,2.44,D
45.67386,11.96001,338.93,0.42,0.37,2022-09-04,1149,N,nominal,2.0NRT,301.73,4.24,D
45.72138,11.7845,341.24,0.42,0.38,2022-09-04,1149,N,nominal,2.0NRT,297.44,1.95,D
45.72477,11.78325,339.5,0.42,0.38,2022-09-04,1149,N,nominal,2.0NRT,298.6,4.38,D
45.69398,11.43229,337.67,0.43,0.38,2022-09-04,1149,N,nominal,2.0NRT,298.19,5.94,D
45.71694,11.41794,335.41,0.43,0.38,2022-09-04,1149,N,nominal,2.0NRT,301.5,4.89,D
45.71631,11.39496,339.23,0.43,0.38,2022-09-04,1149,N,nominal,2.0NRT,297.68,38.88,D
48.17408,29.20322,331.51,0.44,0.62,2022-09-04,1149,N,nominal,2.0NRT,293.55,2.77,D
46.15967,6.15579,329.1,0.44,0.46,2022-09-04,1149,N,nominal,2.0NRT,297.07,3.99,D
48.60762,21.18103,343.39,0.38,0.43,2022-09-04,1149,N,nominal,2.0NRT,294.5,5.13,D
46.41936,6.28413,341.24,0.43,0.46,2022-09-04,1149,N,nominal,2.0NRT,298.25,3.27,D
48.27489,14.3409,342.36,0.38,0.36,2022-09-04,1149,N,nominal,2.0NRT,302.71,8.79,D
48.27412,14.33577,328.39,0.38,0.36,2022-09-04,1149,N,low,2.0NRT,300.54,7.38,D
48.27816,14.33979,343.85,0.38,0.36,2022-09-04,1149,N,nominal,2.0NRT,298.86,12.39,D
47.73317,10.3303,329.73,0.43,0.38,2022-09-04,1149,N,nominal,2.0NRT,297.44,2.77,D
47.17381,7.56125,325.65,0.55,0.42,2022-09-04,1149,N,nominal,2.0NRT,298.4,2.51,D
48.27287,12.61461,334.2,0.39,0.36,2022-09-04,1149,N,nominal,2.0NRT,295.96,2.1,D
48.27616,12.6134,336.47,0.39,0.36,2022-09-04,1149,N,nominal,2.0NRT,295.12,2.1,D
48.16274,11.87997,326.12,0.4,0.37,2022-09-04,1149,N,nominal,2.0NRT,294.73,2.28,D
47.91272,10.22643,337.64,0.43,0.38,2022-09-04,1149,N,nominal,2.0NRT,295.04,2.66,D
47.99786,10.17095,335.37,0.43,0.38,2022-09-04,1149,N,nominal,2.0NRT,297.96,3.42,D
48.52092,12.06559,341.76,0.39,0.36,2022-09-04,1149,N,nominal,2.0NRT,295.87,2.96,D
48.50994,11.98031,343.36,0.4,0.37,2022-09-04,1149,N,nominal,2.0NRT,295.37,4.24,D
48.68549,12.90184,335.25,0.39,0.36,2022-09-04,1149,N,nominal,2.0NRT,297.54,2.14,D
48.63875,12.38506,325.06,0.39,0.36,2022-09-04,1149,N,low,2.0NRT,296.56,1.37,D
48.41666,10.86296,334.58,0.41,0.37,2022-09-04,1149,N,nominal,2.0NRT,299.99,2.68,D
48.78935,12.82248,333.79,0.39,0.36,2022-09-04,1149,N,nominal,2.0NRT,298.57,1.34,D
48.65013,11.96593,345.27,0.39,0.37,2022-09-04,1149,N,nominal,2.0NRT,296.24,2.76,D
48.62168,11.77993,328.36,0.4,0.37,2022-09-04,1149,N,nominal,2.0NRT,296.32,1.34,D
48.49344,10.83504,337.82,0.41,0.37,2022-09-04,1149,N,nominal,2.0NRT,297.31,2.68,D
50.03243,21.88421,335.63,0.43,0.46,2022-09-04,1149,N,nominal,2.0NRT,296.35,4.26,D
48.70076,11.15753,346.93,0.41,0.37,2022-09-04,1149,N,nominal,2.0NRT,298.98,4.75,D
48.93272,12.08732,350.99,0.39,0.36,2022-09-04,1149,N,nominal,2.0NRT,300.09,10.45,D
49.16101,12.11681,339.41,0.39,0.36,2022-09-04,1149,N,nominal,2.0NRT,297.39,2.27,D
49.20275,11.75515,346.42,0.39,0.36,2022-09-04,1149,N,nominal,2.0NRT,292.25,3.31,D
49.20514,11.74855,341.53,0.39,0.36,2022-09-04,1149,N,nominal,2.0NRT,295.76,8.67,D
49.20423,11.74325,346.43,0.39,0.36,2022-09-04,1149,N,nominal,2.0NRT,295.89,8.67,D
49.46636,12.26656,341.86,0.39,0.36,2022-09-04,1149,N,nominal,2.0NRT,295.62,4.78,D
49.68378,11.97925,349.09,0.39,0.36,2022-09-04,1149,N,nominal,2.0NRT,296.06,5.95,D
49.78234,12.20445,355.4,0.39,0.36,2022-09-04,1149,N,nominal,2.0NRT,296.54,4.5,D
49.89689,12.21339,337.47,0.39,0.36,2022-09-04,1149,N,nominal,2.0NRT,295.16,2.15,D
49.85465,11.81091,350.38,0.39,0.36,2022-09-04,1149,N,nominal,2.0NRT,300.27,8.85,D
49.9226,12.15825,336.34,0.39,0.36,2022-09-04,1149,N,nominal,2.0NRT,295.47,1.95,D
49.65055,10.14187,341.53,0.42,0.37,2022-09-04,1149,N,nominal,2.0NRT,299.37,5.13,D
49.65261,9.97627,336.46,0.42,0.38,2022-09-04,1149,N,nominal,2.0NRT,298.55,3.79,D
49.65156,9.9706,355.34,0.42,0.38,2022-09-04,1149,N,nominal,2.0NRT,298.17,3.79,D
49.64841,9.95358,346.81,0.42,0.38,2022-09-04,1149,N,nominal,2.0NRT,297.57,3.17,D
49.65051,9.96493,356.06,0.42,0.38,2022-09-04,1149,N,low,2.0NRT,297.94,5.81,D
49.64946,9.95926,356.72,0.42,0.38,2022-09-04,1149,N,low,2.0NRT,298.55,5.81,D
49.72932,10.21668,335.75,0.41,0.37,2022-09-04,1149,N,nominal,2.0NRT,298.29,1.05,D
49.98873,11.64058,333.28,0.39,0.36,2022-09-04,1149,N,nominal,2.0NRT,298.3,2.27,D
49.99192,11.15811,337.78,0.4,0.37,2022-09-04,1149,N,nominal,2.0NRT,291.59,4.8,D
50.11139,11.76014,350.81,0.39,0.36,2022-09-04,1149,N,nominal,2.0NRT,297.91,4.2,D
50.14104,11.75843,346.19,0.39,0.36,2022-09-04,1149,N,nominal,2.0NRT,298.7,3.77,D
50.14431,11.75712,339.32,0.39,0.36,2022-09-04,1149,N,nominal,2.0NRT,296.75,3.77,D
50.13636,11.60561,349.96,0.39,0.36,2022-09-04,1149,N,nominal,2.0NRT,301.63,4.11,D
50.14089,11.52872,348.13,0.39,0.36,2022-09-04,1149,N,nominal,2.0NRT,301.04,8.4,D
50.14417,11.52739,347.06,0.39,0.36,2022-09-04,1149,N,nominal,2.0NRT,298.08,4.38,D
50.13876,11.49533,345.33,0.39,0.36,2022-09-04,1149,N,nominal,2.0NRT,299.02,5.26,D
49.24311,6.84879,332.59,0.53,0.42,2022-09-04,1149,N,nominal,2.0NRT,301.49,8.1,D
50.14203,11.49399,338.85,0.39,0.36,2022-09-04,1149,N,nominal,2.0NRT,299.05,5.26,D
50.1786,11.46166,346.07,0.39,0.36,2022-09-04,1149,N,nominal,2.0NRT,298.37,3.31,D
50.0061,10.4667,350.18,0.41,0.37,2022-09-04,1149,N,nominal,2.0NRT,300.24,71.51,D
50.00511,10.46114,336.77,0.41,0.37,2022-09-04,1149,N,nominal,2.0NRT,301.76,32.83,D
50.18954,11.42268,351.78,0.39,0.36,2022-09-04,1149,N,nominal,2.0NRT,299.8,6.51,D
50.08252,10.77869,349.13,0.4,0.37,2022-09-04,1149,N,nominal,2.0NRT,299.87,5.46,D
50.08219,10.77654,348.14,0.4,0.37,2022-09-04,1149,N,nominal,2.0NRT,298.75,6.45,D
50.0855,10.77516,349.68,0.4,0.37,2022-09-04,1149,N,nominal,2.0NRT,298.98,6.45,D
50.29138,11.94082,337.91,0.39,0.36,2022-09-04,1149,N,nominal,2.0NRT,296.53,2.91,D
50.12204,10.80129,347.4,0.4,0.37,2022-09-04,1149,N,nominal,2.0NRT,300.35,18.01,D
50.13409,10.74863,336.2,0.4,0.37,2022-09-04,1149,N,nominal,2.0NRT,294.92,4.28,D
50.19905,10.8567,340.31,0.4,0.37,2022-09-04,1149,N,nominal,2.0NRT,301.69,4.18,D
50.23119,11.0017,346.88,0.4,0.37,2022-09-04,1149,N,nominal,2.0NRT,296.79,5.53,D
50.23025,10.99623,354.1,0.4,0.37,2022-09-04,1149,N,nominal,2.0NRT,298.05,7.58,D
50.23185,10.9994,352.33,0.4,0.37,2022-09-04,1149,N,nominal,2.0NRT,297.02,4.38,D
50.23089,10.99393,348.72,0.4,0.37,2022-09-04,1149,N,nominal,2.0NRT,296.19,4.38,D
50.34262,11.58617,339.15,0.39,0.36,2022-09-04,1149,N,nominal,2.0NRT,295.84,1.8,D
50.37402,10.91975,347.53,0.4,0.37,2022-09-04,1149,N,nominal,2.0NRT,297,4.84,D
50.37731,10.91836,335.07,0.4,0.37,2022-09-04,1149,N,nominal,2.0NRT,292.41,1.11,D
50.3704,10.2519,336.38,0.41,0.37,2022-09-04,1149,N,nominal,2.0NRT,298.32,1.57,D
50.83706,11.7896,339.65,0.39,0.36,2022-09-04,1149,N,nominal,2.0NRT,295.96,2.23,D
50.85186,10.71626,355.36,0.4,0.37,2022-09-04,1151,N,nominal,2.0NRT,297.36,6,D
50.90581,10.25478,337.65,0.4,0.37,2022-09-04,1151,N,nominal,2.0NRT,296.36,3.22,D
50.60326,8.62766,337.38,0.44,0.38,2022-09-04,1151,N,nominal,2.0NRT,297.07,2.65,D
50.96885,10.06645,337,0.4,0.37,2022-09-04,1151,N,nominal,2.0NRT,299.98,4.99,D
51.12801,10.62813,350.24,0.4,0.37,2022-09-04,1151,N,nominal,2.0NRT,298.46,2.48,D
51.12706,10.62259,344.36,0.4,0.37,2022-09-04,1151,N,nominal,2.0NRT,300.71,4.94,D
51.21483,10.94401,337.19,0.39,0.36,2022-09-04,1151,N,nominal,2.0NRT,301.07,1.89,D
51.2181,10.94259,347.18,0.39,0.36,2022-09-04,1151,N,nominal,2.0NRT,300.13,1.89,D
51.17064,10.52346,343.96,0.4,0.37,2022-09-04,1151,N,nominal,2.0NRT,297.73,3.38,D
51.33885,11.34955,345.47,0.39,0.36,2022-09-04,1151,N,nominal,2.0NRT,299.96,3.09,D
51.45232,11.83289,337.2,0.39,0.36,2022-09-04,1151,N,nominal,2.0NRT,299.38,2.71,D
51.45132,11.74021,336.76,0.39,0.36,2022-09-04,1151,N,nominal,2.0NRT,297.23,1.83,D
51.52732,11.50815,335.1,0.39,0.36,2022-09-04,1151,N,nominal,2.0NRT,298.65,1.65,D
51.65396,10.16557,341.9,0.4,0.37,2022-09-04,1151,N,nominal,2.0NRT,296.72,1.43,D
51.36573,6.70899,335.97,0.48,0.4,2022-09-04,1151,N,nominal,2.0NRT,296.21,4.26,D
52.15076,10.40064,343.83,0.39,0.36,2022-09-04,1151,N,nominal,2.0NRT,301.99,5.54,D
52.15594,10.41041,330.76,0.39,0.36,2022-09-04,1151,N,nominal,2.0NRT,299.59,3.71,D
52.15498,10.40479,335.3,0.39,0.36,2022-09-04,1151,N,nominal,2.0NRT,301.19,3.71,D
51.46238,6.74594,328.08,0.48,0.4,2022-09-04,1151,N,low,2.0NRT,301.7,3.16,D
51.49205,6.73755,336.81,0.48,0.4,2022-09-04,1151,N,nominal,2.0NRT,294.83,6.6,D
51.49697,6.74234,330.25,0.48,0.4,2022-09-04,1151,N,nominal,2.0NRT,299.27,5.12,D
52.26254,10.68832,341.04,0.39,0.36,2022-09-04,1151,N,nominal,2.0NRT,293.04,1.98,D
51.57699,6.89014,345.26,0.47,0.4,2022-09-04,1151,N,nominal,2.0NRT,300.19,6.51,D
51.16864,3.8133,332.49,0.41,0.45,2022-09-04,1151,N,nominal,2.0NRT,287.92,3.84,D
51.16731,3.80773,325.36,0.41,0.45,2022-09-04,1151,N,nominal,2.0NRT,289.55,2.48,D
51.17254,3.81097,344.8,0.41,0.45,2022-09-04,1151,N,nominal,2.0NRT,287.52,3.84,D
51.17122,3.8054,328.3,0.41,0.45,2022-09-04,1151,N,nominal,2.0NRT,287.67,2.48,D
51.17645,3.80862,329.13,0.41,0.45,2022-09-04,1151,N,nominal,2.0NRT,289.25,3.98,D
51.0442,2.2973,332.99,0.47,0.48,2022-09-04,1151,N,nominal,2.0NRT,280.14,6.14,D
53.13451,8.68191,328.18,0.41,0.37,2022-09-04,1151,N,nominal,2.0NRT,295.63,2.48,D
55.05408,25.81341,338.07,0.34,0.56,2022-09-04,1151,N,nominal,2.0NRT,287.42,3.68,D
54.8754,21.52617,337.39,0.46,0.47,2022-09-04,1151,N,nominal,2.0NRT,294.57,6.46,D
54.87492,21.51883,339.37,0.46,0.47,2022-09-04,1151,N,nominal,2.0NRT,290.29,5.55,D
55.529,11.32703,331.15,0.39,0.36,2022-09-04,1151,N,nominal,2.0NRT,295.71,2.48,D
55.44083,10.38698,333.95,0.38,0.36,2022-09-04,1151,N,nominal,2.0NRT,295.43,2.39,D
56.75434,8.68413,349.77,0.39,0.36,2022-09-04,1151,N,nominal,2.0NRT,295.05,2.75,D
56.75332,8.67798,341.89,0.39,0.36,2022-09-04,1151,N,nominal,2.0NRT,295.05,2.75,D
57.06242,9.97688,341.61,0.38,0.36,2022-09-04,1151,N,nominal,2.0NRT,297.6,4.26,D
34.07901,-4.91718,338.21,0.4,0.37,2022-09-04,1327,N,nominal,2.0NRT,307.81,1.4,D
34.42022,-5.85589,330.01,0.39,0.36,2022-09-04,1327,N,low,2.0NRT,304.51,0.63,D
35.5588,-0.874,343.1,0.39,0.44,2022-09-04,1327,N,nominal,2.0NRT,307.15,5.38,D
35.55837,-0.87831,339.57,0.39,0.44,2022-09-04,1327,N,nominal,2.0NRT,307.29,4.23,D
35.63487,-0.56793,335.55,0.4,0.44,2022-09-04,1327,N,nominal,2.0NRT,304.03,1.9,D
36.22765,7.03502,346.01,0.54,0.68,2022-09-04,1327,N,nominal,2.0NRT,300.86,9.34,D
36.22965,7.03487,346.23,0.54,0.68,2022-09-04,1327,N,nominal,2.0NRT,301.17,6.97,D
35.8079,-0.23552,341.28,0.42,0.45,2022-09-04,1327,N,nominal,2.0NRT,300.98,6.72,D
35.81024,-0.25494,353.88,0.42,0.45,2022-09-04,1327,N,nominal,2.0NRT,306.56,5.13,D
35.82556,-0.32252,337.6,0.42,0.45,2022-09-04,1327,N,nominal,2.0NRT,306.59,2.8,D
36.22481,1.28663,335.94,0.51,0.5,2022-09-04,1327,N,low,2.0NRT,309.96,1.8,D
36.79523,8.2214,339.4,0.63,0.72,2022-09-04,1327,N,nominal,2.0NRT,291.98,8.66,D
37.12349,9.95967,367,0.78,0.78,2022-09-04,1327,N,high,2.0NRT,294.2,29.89,D
37.13085,9.96131,367,0.78,0.78,2022-09-04,1327,N,high,2.0NRT,294.37,29.89,D
37.13073,9.95164,355.13,0.78,0.78,2022-09-04,1327,N,nominal,2.0NRT,293.04,29.89,D
37.12185,9.3628,354.38,0.73,0.76,2022-09-04,1327,N,nominal,2.0NRT,293.22,16.23,D
37.1217,9.35402,337.52,0.73,0.76,2022-09-04,1327,N,nominal,2.0NRT,292.92,11.37,D
37.12291,9.95832,355.56,0.79,0.78,2022-09-04,1327,N,nominal,2.0NRT,293.38,46.46,D
37.13026,9.95986,367,0.79,0.78,2022-09-04,1327,N,high,2.0NRT,295.49,46.46,D
37.12432,9.36113,367,0.73,0.76,2022-09-04,1327,N,high,2.0NRT,294.41,24.16,D
37.13019,9.9502,355.53,0.78,0.78,2022-09-04,1327,N,nominal,2.0NRT,292.21,41.18,D
37.14675,9.43744,367,0.74,0.76,2022-09-04,1327,N,high,2.0NRT,296.28,16.56,D
37.15393,9.43854,338.22,0.74,0.76,2022-09-04,1327,N,nominal,2.0NRT,291.31,16.56,D
37.3805,-7.6915,335.73,0.38,0.36,2022-09-04,1327,N,low,2.0NRT,308.31,1.89,D
37.3838,-7.6923,336.39,0.38,0.36,2022-09-04,1327,N,low,2.0NRT,307.46,1.89,D
38.86683,-0.03337,336.32,0.47,0.48,2022-09-04,1327,N,nominal,2.0NRT,299.7,2.44,D
39.03071,-7.27123,341.85,0.39,0.36,2022-09-04,1327,N,nominal,2.0NRT,310.45,5.24,D
39.03402,-7.27202,342.81,0.39,0.36,2022-09-04,1327,N,nominal,2.0NRT,312.35,5.24,D
39.14244,-9.20731,334.28,0.39,0.36,2022-09-04,1327,N,nominal,2.0NRT,302.71,2.77,D
41.92427,0.18352,340.25,0.52,0.5,2022-09-04,1329,N,nominal,2.0NRT,309.22,7.92,D
41.92726,0.18238,337.84,0.52,0.5,2022-09-04,1329,N,nominal,2.0NRT,305.57,7.18,D
42.3326,-6.28057,336.47,0.42,0.38,2022-09-04,1329,N,low,2.0NRT,309.61,4.26,D
42.33475,-6.29163,338.12,0.42,0.38,2022-09-04,1329,N,low,2.0NRT,311.67,4.59,D
42.56739,-5.74785,341.75,0.44,0.38,2022-09-04,1329,N,nominal,2.0NRT,303.39,3.49,D
43.44211,4.89153,334.34,0.46,0.64,2022-09-04,1329,N,nominal,2.0NRT,298.44,7.56,D
42.97583,-3.44335,343.73,0.54,0.42,2022-09-04,1329,N,low,2.0NRT,314.61,28.85,D
42.98042,-3.43721,330.73,0.54,0.42,2022-09-04,1329,N,low,2.0NRT,303.71,9.01,D
42.97676,-3.43641,331.83,0.54,0.42,2022-09-04,1329,N,low,2.0NRT,303.83,14.81,D
42.97608,-3.44338,343.32,0.54,0.42,2022-09-04,1329,N,nominal,2.0NRT,315.17,14.81,D
51.04227,2.29801,334.86,0.39,0.59,2022-09-04,1331,N,nominal,2.0NRT,299.37,3.62,D
51.04781,2.29774,342.53,0.39,0.59,2022-09-04,1331,N,nominal,2.0NRT,295.05,1.14,D
51.04626,2.29451,344.84,0.39,0.59,2022-09-04,1331,N,nominal,2.0NRT,295.12,6.78,D
51.17315,3.80592,336.42,0.45,0.63,2022-09-04,1331,N,nominal,2.0NRT,295.59,6.68,D
51.17076,3.80439,330.53,0.45,0.63,2022-09-04,1331,N,nominal,2.0NRT,295.91,3.43,D
51.17675,3.81097,332.47,0.45,0.63,2022-09-04,1331,N,nominal,2.0NRT,293.87,6.33,D
66.31338,14.17301,301.33,0.5,0.66,2022-09-04,2358,N,nominal,2.0NRT,277.68,1.62,N
65.56363,22.22419,310.13,0.59,0.53,2022-09-05,0001,N,nominal,2.0NRT,277.16,2.48,N
64.64466,24.42313,322.11,0.5,0.49,2022-09-05,0001,N,nominal,2.0NRT,277.77,2.77,N
64.6668,21.27968,331.92,0.62,0.54,2022-09-05,0001,N,nominal,2.0NRT,279.31,4.73,N
64.66177,21.27888,333.43,0.62,0.54,2022-09-05,0001,N,nominal,2.0NRT,281.42,7.02,N
41.02087,28.55342,312.73,0.39,0.36,2022-09-05,0005,N,nominal,2.0NRT,288.14,0.99,N
41.02011,28.55801,305.92,0.39,0.36,2022-09-05,0005,N,nominal,2.0NRT,290.09,0.72,N
40.98059,28.69073,305.4,0.39,0.36,2022-09-05,0005,N,nominal,2.0NRT,288.97,0.89,N
39.94271,33.19386,296.24,0.55,0.43,2022-09-05,0005,N,nominal,2.0NRT,285.8,1,N
39.94309,33.19374,298.23,0.55,0.43,2022-09-05,0005,N,nominal,2.0NRT,286.33,0.49,N
40.25909,30.04342,298.97,0.42,0.38,2022-09-05,0005,N,nominal,2.0NRT,288.56,0.46,N
42.00782,12.71255,302.82,0.52,0.67,2022-09-05,0005,N,nominal,2.0NRT,290.16,1.05,N
40.44189,27.1381,301.94,0.38,0.36,2022-09-05,0005,N,nominal,2.0NRT,290.41,1.09,N
39.83778,30.30127,300.89,0.43,0.38,2022-09-05,0005,N,nominal,2.0NRT,286.81,1.07,N
39.74411,30.19622,301.63,0.43,0.38,2022-09-05,0005,N,nominal,2.0NRT,285.88,0.81,N
39.48467,30.04029,309.62,0.43,0.38,2022-09-05,0005,N,nominal,2.0NRT,287.33,1.75,N
39.86605,26.24286,309.98,0.39,0.36,2022-09-05,0005,N,nominal,2.0NRT,290.31,1.01,N
40.52069,17.20609,305.54,0.59,0.53,2022-09-05,0005,N,nominal,2.0NRT,289.97,1.41,N
40.5158,17.20543,304.87,0.59,0.53,2022-09-05,0005,N,nominal,2.0NRT,289.43,1.69,N
40.51041,17.21187,308.38,0.59,0.53,2022-09-05,0005,N,nominal,2.0NRT,289.74,1.69,N
40.50552,17.21126,314.58,0.59,0.53,2022-09-05,0005,N,nominal,2.0NRT,290.58,3.39,N
38.65772,30.61966,305.85,0.46,0.39,2022-09-05,0005,N,nominal,2.0NRT,287.79,0.96,N
39.18346,27.49794,302.22,0.39,0.36,2022-09-05,0005,N,nominal,2.0NRT,291.69,0.87,N
38.13773,30.76127,298.63,0.47,0.4,2022-09-05,0005,N,nominal,2.0NRT,288.11,0.88,N
38.80507,26.93578,316.03,0.38,0.36,2022-09-05,0005,N,nominal,2.0NRT,294.19,1.96,N
38.75486,26.95016,307.32,0.38,0.36,2022-09-05,0005,N,nominal,2.0NRT,292.8,1.28,N
38.73514,26.94503,305.18,0.38,0.36,2022-09-05,0005,N,nominal,2.0NRT,294.74,0.85,N
38.73234,26.96257,302.45,0.38,0.36,2022-09-05,0005,N,nominal,2.0NRT,292.12,0.47,N
38.73164,26.96696,303.42,0.38,0.36,2022-09-05,0005,N,nominal,2.0NRT,292.27,0.47,N
37.89804,30.49416,302.04,0.46,0.39,2022-09-05,0005,N,nominal,2.0NRT,289.71,1.09,N
38.45564,27.26458,305.19,0.39,0.36,2022-09-05,0005,N,nominal,2.0NRT,294.28,0.61,N
38.4263,27.21707,317.28,0.39,0.36,2022-09-05,0005,N,nominal,2.0NRT,294.92,1.4,N
38.37488,24.06091,304.93,0.42,0.37,2022-09-05,0005,N,nominal,2.0NRT,291.74,1.18,N
37.25304,30.44156,309.69,0.47,0.4,2022-09-05,0005,N,nominal,2.0NRT,292.85,1.14,N
37.76985,27.43832,306.71,0.39,0.36,2022-09-05,0005,N,nominal,2.0NRT,295.04,0.92,N
38.12942,23.52338,314.41,0.43,0.38,2022-09-05,0005,N,nominal,2.0NRT,291.61,1.56,N
37.91832,23.07162,308.04,0.44,0.38,2022-09-05,0007,N,nominal,2.0NRT,294.03,1.96,N
36.26289,30.00197,305.78,0.47,0.4,2022-09-05,0007,N,nominal,2.0NRT,295.68,1.47,N
36.13641,29.57207,310.03,0.45,0.39,2022-09-05,0007,N,nominal,2.0NRT,296.78,0.52,N
37.996,13.37112,354.37,0.45,0.63,2022-09-05,0007,N,nominal,2.0NRT,290.52,6.96,N
37.98816,13.41423,307.53,0.45,0.63,2022-09-05,0007,N,nominal,2.0NRT,288.99,1.16,N
37.98258,13.40714,302.33,0.45,0.63,2022-09-05,0007,N,nominal,2.0NRT,289.21,1.37,N
37.91403,13.26352,302.96,0.46,0.63,2022-09-05,0007,N,nominal,2.0NRT,288.63,0.92,N
37.7457,13.03693,301.16,0.47,0.64,2022-09-05,0007,N,nominal,2.0NRT,289.61,0.52,N
37.37763,14.05355,300.22,0.41,0.61,2022-09-05,0007,N,nominal,2.0NRT,289.13,0.68,N
37.37742,14.05795,303.06,0.41,0.61,2022-09-05,0007,N,nominal,2.0NRT,289.04,0.68,N
37.38091,14.05785,308.28,0.41,0.6,2022-09-05,0007,N,nominal,2.0NRT,289.45,1.04,N
58.35989,12.37629,297.41,0.59,0.7,2022-09-05,0001,N,nominal,2.0NRT,279.87,1.07,N
57.06044,9.97046,313.72,0.72,0.76,2022-09-05,0001,N,nominal,2.0NRT,282.52,3.41,N
57.06504,9.97071,298.4,0.72,0.76,2022-09-05,0001,N,nominal,2.0NRT,281.57,1.15,N
57.05793,9.97181,306.44,0.72,0.76,2022-09-05,0001,N,nominal,2.0NRT,281.45,1.15,N
55.10458,33.18885,327.4,0.38,0.36,2022-09-05,0001,N,nominal,2.0NRT,274.35,1.99,N
55.50523,28.5845,295.78,0.45,0.39,2022-09-05,0001,N,nominal,2.0NRT,277.11,0.54,N
53.44294,34.41433,324.14,0.39,0.36,2022-09-05,0001,N,nominal,2.0NRT,279.16,2.53,N
53.44193,34.42009,297.33,0.39,0.36,2022-09-05,0001,N,nominal,2.0NRT,277.24,1.31,N
53.98457,20.71563,301.67,0.54,0.51,2022-09-05,0001,N,nominal,2.0NRT,278.6,1.06,N
53.2622,24.44938,301.15,0.57,0.43,2022-09-05,0001,N,nominal,2.0NRT,280.67,1.9,N
53.52048,9.89187,303.96,0.74,0.76,2022-09-05,0001,N,nominal,2.0NRT,278.15,3.08,N
53.51952,9.89483,309.83,0.74,0.76,2022-09-05,0001,N,nominal,2.0NRT,277.8,2.8,N
52.63093,23.78914,295.16,0.4,0.44,2022-09-05,0001,N,nominal,2.0NRT,278.78,0.62,N
51.40375,30.18139,302.79,0.39,0.36,2022-09-05,0001,N,nominal,2.0NRT,275.21,0.98,N
52.35255,9.88141,296.73,0.74,0.76,2022-09-05,0003,N,nominal,2.0NRT,281.43,0.86,N
52.16573,10.41408,297.35,0.71,0.75,2022-09-05,0003,N,nominal,2.0NRT,280.94,0.94,N
52.16184,10.40312,296.69,0.71,0.75,2022-09-05,0003,N,nominal,2.0NRT,281.53,1.8,N
52.16213,10.41401,309.58,0.7,0.75,2022-09-05,0003,N,nominal,2.0NRT,281.69,1.8,N
52.15448,10.39284,306.26,0.71,0.75,2022-09-05,0003,N,nominal,2.0NRT,282.29,3.29,N
52.15477,10.40366,298.62,0.71,0.75,2022-09-05,0003,N,nominal,2.0NRT,281.06,2.2,N
52.17624,14.61355,296.26,0.47,0.64,2022-09-05,0003,N,nominal,2.0NRT,282.48,1.39,N
52.17028,14.60623,298.17,0.47,0.64,2022-09-05,0003,N,nominal,2.0NRT,281.92,1.16,N
52.17023,14.61336,301.78,0.47,0.64,2022-09-05,0003,N,nominal,2.0NRT,282.45,1.16,N
52.03522,15.37253,322.05,0.44,0.62,2022-09-05,0003,N,nominal,2.0NRT,280.09,2.13,N
52.03617,15.3733,320.31,0.44,0.62,2022-09-05,0003,N,nominal,2.0NRT,279.89,1.15,N
51.68939,15.97885,306.34,0.41,0.61,2022-09-05,0003,N,nominal,2.0NRT,281.91,1.83,N
50.92866,21.67159,300.15,0.46,0.47,2022-09-05,0003,N,nominal,2.0NRT,283.33,1.96,N
50.49136,19.4544,297.4,0.57,0.52,2022-09-05,0003,N,nominal,2.0NRT,283.36,0.84,N
50.49089,19.46276,295.27,0.57,0.52,2022-09-05,0003,N,nominal,2.0NRT,281.87,0.84,N
50.53307,17.97538,298.21,0.33,0.55,2022-09-05,0003,N,nominal,2.0NRT,283.66,0.59,N
48.53405,34.64793,308.4,0.45,0.39,2022-09-05,0003,N,nominal,2.0NRT,284.69,1.49,N
48.53061,34.64635,302.99,0.45,0.39,2022-09-05,0003,N,nominal,2.0NRT,280.05,1.49,N
48.47096,34.63116,297.25,0.45,0.39,2022-09-05,0003,N,nominal,2.0NRT,280.77,1.06,N
50.41621,18.13699,298.57,0.32,0.55,2022-09-05,0003,N,nominal,2.0NRT,284.33,1.05,N
50.416,18.1417,303.83,0.32,0.55,2022-09-05,0003,N,nominal,2.0NRT,285.18,1.04,N
50.07611,20.09824,297.05,0.53,0.5,2022-09-05,0003,N,nominal,2.0NRT,283.11,0.92,N
50.07433,20.09992,301.39,0.53,0.5,2022-09-05,0003,N,nominal,2.0NRT,283.87,1.39,N
49.67802,18.66266,297.91,0.61,0.53,2022-09-05,0003,N,nominal,2.0NRT,282.99,1.32,N
47.87432,33.4361,297.8,0.42,0.38,2022-09-05,0003,N,nominal,2.0NRT,281.47,0.75,N
47.87513,33.41263,335.54,0.42,0.38,2022-09-05,0003,N,nominal,2.0NRT,285.95,5.15,N
47.87725,33.41237,333.4,0.42,0.38,2022-09-05,0003,N,nominal,2.0NRT,285.17,1.71,N
47.87208,33.43999,302.46,0.42,0.38,2022-09-05,0003,N,nominal,2.0NRT,282.6,1.22,N
47.87387,33.41096,298.78,0.42,0.38,2022-09-05,0003,N,nominal,2.0NRT,280.98,1.71,N
47.87283,33.41649,301.58,0.42,0.38,2022-09-05,0003,N,nominal,2.0NRT,281.86,1.71,N
47.86635,33.43164,298.09,0.42,0.38,2022-09-05,0003,N,nominal,2.0NRT,280.04,0.78,N
47.62757,34.32433,301.39,0.45,0.39,2022-09-05,0003,N,nominal,2.0NRT,279.97,1.18,N
48.97439,24.70889,298.3,0.5,0.41,2022-09-05,0003,N,nominal,2.0NRT,282.2,1.31,N
47.50346,34.39097,332.23,0.45,0.39,2022-09-05,0003,N,nominal,2.0NRT,290.23,27.6,N
47.78996,28.95647,298.46,0.39,0.36,2022-09-05,0003,N,nominal,2.0NRT,282.25,0.58,N
48.64726,20.21755,300.64,0.5,0.49,2022-09-05,0003,N,nominal,2.0NRT,282.66,0.6,N
46.97949,32.05183,298.42,0.4,0.37,2022-09-05,0003,N,nominal,2.0NRT,281.29,0.69,N
48.45675,17.18866,304.72,0.35,0.56,2022-09-05,0003,N,nominal,2.0NRT,284.76,0.74,N
48.45654,17.19386,298.19,0.35,0.56,2022-09-05,0003,N,nominal,2.0NRT,284.28,0.74,N
48.27881,14.33175,304.54,0.47,0.64,2022-09-05,0003,N,nominal,2.0NRT,279.88,1.79,N
48.27869,14.33824,314.35,0.47,0.64,2022-09-05,0003,N,nominal,2.0NRT,281.96,1.79,N
48.27271,14.338,334.8,0.47,0.64,2022-09-05,0003,N,nominal,2.0NRT,283.22,5.56,N
48.26085,14.33089,296.73,0.47,0.64,2022-09-05,0003,N,nominal,2.0NRT,280.57,0.71,N
45.37668,30.92686,325.77,0.4,0.37,2022-09-05,0003,N,nominal,2.0NRT,291.66,1.9,N
45.3758,30.93185,318.48,0.4,0.37,2022-09-05,0003,N,nominal,2.0NRT,291.27,1.9,N
45.37337,30.9257,325.54,0.4,0.37,2022-09-05,0003,N,nominal,2.0NRT,291.28,1.9,N
45.3725,30.93069,325.49,0.4,0.37,2022-09-05,0003,N,nominal,2.0NRT,291.24,1.9,N
46.03972,17.36304,295.67,0.32,0.55,2022-09-05,0003,N,nominal,2.0NRT,284.48,0.31,N
46.06628,13.62817,302.21,0.49,0.65,2022-09-05,0003,N,nominal,2.0NRT,285.91,0.96,N
44.24002,28.30963,303.01,0.38,0.36,2022-09-05,0003,N,nominal,2.0NRT,286.38,0.71,N
45.46099,10.45518,314.81,0.69,0.74,2022-09-05,0003,N,nominal,2.0NRT,286.58,2.07,N
44.48873,26.02258,324.15,0.41,0.37,2022-09-05,0003,N,nominal,2.0NRT,284.27,1.68,N
44.48805,26.02776,298.9,0.41,0.37,2022-09-05,0003,N,nominal,2.0NRT,283.55,1.68,N
45.45626,10.4586,299.67,0.69,0.74,2022-09-05,0003,N,nominal,2.0NRT,286.24,3.8,N
45.28587,14.52814,306.56,0.44,0.62,2022-09-05,0003,N,nominal,2.0NRT,289.11,0.87,N
44.74131,21.23948,297.44,0.41,0.45,2022-09-05,0003,N,nominal,2.0NRT,285.41,0.49,N
45.14781,9.94004,301.91,0.73,0.76,2022-09-05,0003,N,nominal,2.0NRT,287.4,1.36,N
45.14569,9.93618,298.74,0.73,0.76,2022-09-05,0003,N,nominal,2.0NRT,286.98,2.29,N
44.60809,20.96623,304.75,0.42,0.45,2022-09-05,0005,N,nominal,2.0NRT,284.73,1.29,N
44.59876,20.97551,339.02,0.42,0.45,2022-09-05,0005,N,nominal,2.0NRT,286.49,4.29,N
44.5983,20.9809,295.89,0.42,0.45,2022-09-05,0005,N,nominal,2.0NRT,284.03,4.29,N
44.59903,20.97439,321.61,0.42,0.45,2022-09-05,0005,N,nominal,2.0NRT,285.24,4.96,N
44.59854,20.97977,337.88,0.42,0.45,2022-09-05,0005,N,nominal,2.0NRT,285.19,4.11,N
44.16249,15.21669,301.8,0.4,0.6,2022-09-05,0005,N,nominal,2.0NRT,287.68,0.67,N
41.19003,32.62017,297.86,0.5,0.41,2022-09-05,0005,N,nominal,2.0NRT,286.78,0.8,N
41.17551,32.63352,306.62,0.5,0.41,2022-09-05,0005,N,nominal,2.0NRT,288.15,1.79,N
41.17481,32.63254,309.81,0.5,0.41,2022-09-05,0005,N,nominal,2.0NRT,287.89,2.21,N
41.26373,31.42498,321.28,0.45,0.39,2022-09-05,0005,N,nominal,2.0NRT,286.25,2.29,N
41.25775,31.41735,320.92,0.45,0.39,2022-09-05,0005,N,nominal,2.0NRT,286.91,1.79,N
41.25526,31.41091,316.31,0.45,0.39,2022-09-05,0005,N,nominal,2.0NRT,288.07,1.85,N
41.25425,31.41617,300.74,0.45,0.39,2022-09-05,0005,N,nominal,2.0NRT,288.57,2.03,N
41.6358,27.50664,303.28,0.38,0.36,2022-09-05,0005,N,nominal,2.0NRT,279.7,0.77,N
40.76567,32.21961,297.68,0.49,0.4,2022-09-05,0005,N,nominal,2.0NRT,282.39,0.55,N
40.7572,31.78536,302.1,0.47,0.4,2022-09-05,0005,N,nominal,2.0NRT,285.68,0.73,N
70.69164,23.59975,343.92,0.38,0.36,2022-09-05,0139,N,nominal,2.0NRT,280.51,7.4,N
65.56349,22.22396,330.24,0.43,0.38,2022-09-05,0141,N,nominal,2.0NRT,279.62,2.32,N
65.56529,22.21549,301.64,0.43,0.38,2022-09-05,0141,N,nominal,2.0NRT,275.79,2.32,N
66.31133,14.1774,306.68,0.39,0.36,2022-09-05,0141,N,nominal,2.0NRT,277.99,0.77,N
66.3027,14.11304,297.26,0.39,0.36,2022-09-05,0141,N,nominal,2.0NRT,276.2,0.54,N
64.66463,21.28168,334.63,0.43,0.38,2022-09-05,0141,N,nominal,2.0NRT,277.06,1.63,N
64.66288,21.28994,299.18,0.43,0.38,2022-09-05,0141,N,nominal,2.0NRT,276.82,1.63,N
64.66145,21.27798,297.42,0.43,0.38,2022-09-05,0141,N,nominal,2.0NRT,275.65,1.63,N
66.02697,8.08253,299,0.47,0.4,2022-09-05,0141,N,nominal,2.0NRT,284.15,0.39,N
66.07011,-17.34687,299.76,0.74,0.76,2022-09-05,0141,N,nominal,2.0NRT,279.65,1.2,N
60.72897,28.81303,315.06,0.57,0.52,2022-09-05,0141,N,nominal,2.0NRT,275.79,3.25,N
60.52048,28.12712,338.71,0.56,0.51,2022-09-05,0141,N,nominal,2.0NRT,278.67,5.63,N
63.31769,9.14048,306.2,0.42,0.37,2022-09-05,0141,N,nominal,2.0NRT,286.16,1.37,N
60.28733,22.28909,299.31,0.39,0.44,2022-09-05,0143,N,nominal,2.0NRT,279.5,0.73,N
61.77118,5.29572,296.22,0.47,0.4,2022-09-05,0143,N,nominal,2.0NRT,282.79,0.71,N
40.24574,-3.47501,325.06,0.52,0.41,2022-09-05,0147,N,nominal,2.0NRT,291.84,3.55,N
36.88927,9.96265,308.97,0.55,0.51,2022-09-05,0147,N,nominal,2.0NRT,291.75,0.64,N
39.68416,-8.90657,297.37,0.63,0.54,2022-09-05,0147,N,nominal,2.0NRT,287.13,1.31,N
38.91384,-6.11445,317.79,0.44,0.46,2022-09-05,0147,N,nominal,2.0NRT,288.17,1.94,N
36.87092,6.98253,305.01,0.39,0.44,2022-09-05,0147,N,nominal,2.0NRT,294.99,0.62,N
36.86697,6.98135,313.25,0.39,0.44,2022-09-05,0147,N,nominal,2.0NRT,294.97,1.73,N
36.86355,6.95772,312.73,0.39,0.44,2022-09-05,0147,N,nominal,2.0NRT,295.05,1.18,N
36.7447,6.25313,306.15,0.54,0.42,2022-09-05,0147,N,nominal,2.0NRT,294.43,1.14,N
36.42995,6.62495,304.71,0.57,0.43,2022-09-05,0147,N,nominal,2.0NRT,294.38,1.53,N
36.33262,5.47907,305.59,0.51,0.41,2022-09-05,0147,N,nominal,2.0NRT,294.7,1.58,N
35.8661,6.02558,307.39,0.55,0.42,2022-09-05,0147,N,nominal,2.0NRT,291.23,2.14,N
36.17796,3.74767,321.04,0.44,0.38,2022-09-05,0147,N,nominal,2.0NRT,292.84,2.03,N
36.13884,2.93053,303.18,0.41,0.37,2022-09-05,0147,N,nominal,2.0NRT,291.5,0.6,N
35.69931,4.64565,313.96,0.48,0.4,2022-09-05,0147,N,nominal,2.0NRT,293.21,5.53,N
35.70935,4.47434,313.83,0.47,0.4,2022-09-05,0147,N,nominal,2.0NRT,297.11,4.46,N
35.34929,5.76178,324.84,0.54,0.42,2022-09-05,0147,N,nominal,2.0NRT,294.78,3.57,N
35.45028,4.96306,328.12,0.5,0.41,2022-09-05,0147,N,nominal,2.0NRT,296.62,4.16,N
37.02183,-6.22409,320.03,0.43,0.46,2022-09-05,0147,N,nominal,2.0NRT,288.91,2.42,N
37.0176,-6.22473,310.43,0.43,0.46,2022-09-05,0147,N,nominal,2.0NRT,287.73,1.65,N
35.09586,5.64828,309.42,0.54,0.42,2022-09-05,0147,N,nominal,2.0NRT,298.08,3.31,N
34.98079,5.71382,313.64,0.55,0.42,2022-09-05,0147,N,nominal,2.0NRT,299.47,1.57,N
35.34039,1.35711,299.72,0.39,0.36,2022-09-05,0149,N,nominal,2.0NRT,285.01,1.7,N
34.59575,-2.34615,306.16,0.42,0.37,2022-09-05,0149,N,nominal,2.0NRT,285.64,1.24,N
34.2511,-4.73941,322.42,0.5,0.41,2022-09-05,0149,N,nominal,2.0NRT,289.9,2.47,N
59.6485,6.36499,295.7,0.42,0.38,2022-09-05,0141,N,nominal,2.0NRT,265.61,0.41,N
59.64507,6.36341,308.97,0.42,0.38,2022-09-05,0141,N,nominal,2.0NRT,266.17,1.39,N
58.35843,12.38322,327.02,0.39,0.37,2022-09-05,0141,N,nominal,2.0NRT,281.62,1.81,N
58.35959,12.37673,298.39,0.39,0.37,2022-09-05,0141,N,nominal,2.0NRT,283.3,1.81,N
57.06188,9.97808,340.91,0.39,0.36,2022-09-05,0141,N,nominal,2.0NRT,290.23,4.12,N
57.05866,9.97628,296.88,0.39,0.36,2022-09-05,0141,N,nominal,2.0NRT,283.66,0.74,N
53.2616,24.44668,296.03,0.4,0.6,2022-09-05,0141,N,nominal,2.0NRT,277.09,1.28,N
53.98638,20.71449,299.37,0.55,0.51,2022-09-05,0143,N,nominal,2.0NRT,277.44,1.25,N
56.37454,10.03782,301.34,0.39,0.36,2022-09-05,0143,N,nominal,2.0NRT,283.49,0.66,N
55.74577,9.61735,296.21,0.39,0.36,2022-09-05,0143,N,nominal,2.0NRT,281.63,1.12,N
53.87426,9.58555,296.34,0.4,0.37,2022-09-05,0143,N,nominal,2.0NRT,284.81,0.48,N
50.93072,21.67163,296.31,0.38,0.59,2022-09-05,0143,N,nominal,2.0NRT,280.01,1.36,N
50.92919,21.67655,298.36,0.38,0.59,2022-09-05,0143,N,nominal,2.0NRT,280.51,1.33,N
53.51352,10.0365,308.58,0.4,0.37,2022-09-05,0143,N,nominal,2.0NRT,283.81,1.3,N
53.51023,10.03481,310.8,0.4,0.37,2022-09-05,0143,N,nominal,2.0NRT,282.12,1.18,N
50.80672,20.53148,295.76,0.34,0.56,2022-09-05,0143,N,nominal,2.0NRT,280.49,0.45,N
51.10672,18.9412,296.81,0.58,0.52,2022-09-05,0143,N,nominal,2.0NRT,282.19,1.09,N
52.17213,14.62814,306.14,0.56,0.43,2022-09-05,0143,N,nominal,2.0NRT,282.58,1.08,N
52.17207,14.61012,304.24,0.56,0.43,2022-09-05,0143,N,nominal,2.0NRT,283.59,1.56,N
52.17312,14.61283,310.78,0.56,0.43,2022-09-05,0143,N,nominal,2.0NRT,283.44,1.81,N
52.16949,14.62859,310.06,0.56,0.43,2022-09-05,0143,N,nominal,2.0NRT,283.22,2.09,N
51.68922,15.97801,310.55,0.43,0.46,2022-09-05,0143,N,nominal,2.0NRT,283.3,1.05,N
52.39954,12.49678,322.2,0.48,0.4,2022-09-05,0143,N,nominal,2.0NRT,285.6,2.27,N
50.49345,19.45532,314.79,0.32,0.55,2022-09-05,0143,N,nominal,2.0NRT,284.21,1.06,N
50.48988,19.46761,304.17,0.32,0.55,2022-09-05,0143,N,nominal,2.0NRT,281.36,0.84,N
50.34065,19.33282,296.96,0.32,0.55,2022-09-05,0143,N,nominal,2.0NRT,283.96,1.08,N
51.18304,16.11384,343.86,0.45,0.47,2022-09-05,0143,N,nominal,2.0NRT,284.19,4.13,N
51.17898,16.11126,317.37,0.45,0.47,2022-09-05,0143,N,nominal,2.0NRT,283,4.13,N
50.53595,17.97724,297.55,0.56,0.51,2022-09-05,0143,N,nominal,2.0NRT,280.67,1.93,N
50.53503,17.97895,307.44,0.56,0.51,2022-09-05,0143,N,nominal,2.0NRT,282.59,2.2,N
52.35296,9.8861,296,0.41,0.37,2022-09-05,0143,N,nominal,2.0NRT,271.27,0.5,N
52.16434,10.41625,295.45,0.42,0.38,2022-09-05,0143,N,nominal,2.0NRT,277.83,0.64,N
52.16318,10.42225,296.54,0.42,0.38,2022-09-05,0143,N,nominal,2.0NRT,277.77,0.83,N
52.16329,10.41538,315.43,0.42,0.38,2022-09-05,0143,N,nominal,2.0NRT,279.51,1.53,N
52.16214,10.42139,310.17,0.42,0.38,2022-09-05,0143,N,nominal,2.0NRT,278.51,1.53,N
52.15993,10.41366,303.89,0.42,0.38,2022-09-05,0143,N,nominal,2.0NRT,278.53,1.26,N
52.15437,10.40421,328.51,0.42,0.38,2022-09-05,0143,N,nominal,2.0NRT,279.27,2.32,N
52.15553,10.39819,316.18,0.42,0.38,2022-09-05,0143,N,nominal,2.0NRT,278.56,2.32,N
52.15102,10.40249,328.34,0.42,0.38,2022-09-05,0143,N,nominal,2.0NRT,278.08,2.32,N
52.15217,10.39647,304.11,0.42,0.38,2022-09-05,0143,N,nominal,2.0NRT,277.7,2.32,N
52.20917,8.04865,304.85,0.39,0.36,2022-09-05,0143,N,nominal,2.0NRT,271.43,0.69,N
52.1749,7.88831,301.78,0.39,0.36,2022-09-05,0143,N,nominal,2.0NRT,278.92,0.87,N
49.81578,18.31789,314.86,0.6,0.53,2022-09-05,0143,N,nominal,2.0NRT,283.03,2.56,N
49.81124,18.31474,296.23,0.6,0.53,2022-09-05,0143,N,nominal,2.0NRT,281.75,0.97,N
49.78401,18.31505,298.16,0.61,0.53,2022-09-05,0143,N,nominal,2.0NRT,282.67,1.73,N
52.49722,4.61392,331.74,0.4,0.37,2022-09-05,0143,N,nominal,2.0NRT,293.55,5.77,N
52.49137,4.60564,318.25,0.4,0.37,2022-09-05,0143,N,nominal,2.0NRT,288.02,1.77,N
52.4838,4.5845,336.16,0.4,0.37,2022-09-05,0143,N,nominal,2.0NRT,291.1,4.37,N
52.483,4.59031,328.91,0.4,0.37,2022-09-05,0143,N,nominal,2.0NRT,290.12,4.37,N
52.48219,4.59612,324.68,0.4,0.37,2022-09-05,0143,N,nominal,2.0NRT,291.42,2.75,N
52.47887,4.59487,300.95,0.4,0.37,2022-09-05,0143,N,nominal,2.0NRT,290.19,1.18,N
52.47714,4.58201,305.27,0.4,0.37,2022-09-05,0143,N,nominal,2.0NRT,291.17,1.56,N
52.47314,4.611,306.4,0.4,0.37,2022-09-05,0143,N,nominal,2.0NRT,291.28,1.01,N
51.85608,8.03067,310.88,0.39,0.36,2022-09-05,0143,N,nominal,2.0NRT,280.77,1.26,N
51.69833,8.74442,296.66,0.4,0.37,2022-09-05,0143,N,nominal,2.0NRT,277.62,0.49,N
51.36221,10.48308,304.28,0.44,0.38,2022-09-05,0143,N,nominal,2.0NRT,275.71,1.32,N
51.62348,8.50043,301.25,0.4,0.37,2022-09-05,0143,N,nominal,2.0NRT,283.26,0.72,N
51.61823,8.51007,310.53,0.4,0.37,2022-09-05,0143,N,nominal,2.0NRT,283.04,1.42,N
50.48879,14.0442,298.86,0.39,0.44,2022-09-05,0143,N,nominal,2.0NRT,285.7,0.43,N
48.6486,20.21924,299.45,0.39,0.6,2022-09-05,0143,N,nominal,2.0NRT,281.52,0.75,N
49.8956,15.64005,301,0.47,0.48,2022-09-05,0143,N,nominal,2.0NRT,284.37,1.17,N
51.53069,7.43218,298.76,0.39,0.36,2022-09-05,0143,N,nominal,2.0NRT,287.81,0.46,N
51.94225,4.10709,304.36,0.4,0.37,2022-09-05,0143,N,nominal,2.0NRT,289.41,1.1,N
50.65425,11.43017,300.95,0.48,0.4,2022-09-05,0143,N,nominal,2.0NRT,280.23,1.08,N
51.50783,6.73733,304.85,0.38,0.36,2022-09-05,0143,N,nominal,2.0NRT,286.28,0.84,N
51.50457,6.73597,310.65,0.38,0.36,2022-09-05,0143,N,nominal,2.0NRT,287.24,0.84,N
51.5022,6.72918,303.68,0.38,0.36,2022-09-05,0143,N,nominal,2.0NRT,286.46,0.65,N
51.49895,6.72783,304.47,0.38,0.36,2022-09-05,0143,N,nominal,2.0NRT,285.69,0.65,N
51.4963,6.74416,314.67,0.38,0.36,2022-09-05,0143,N,nominal,2.0NRT,285.84,1.36,N
51.49394,6.73736,303.13,0.38,0.36,2022-09-05,0143,N,nominal,2.0NRT,286.94,1.76,N
51.49306,6.74281,304.89,0.38,0.36,2022-09-05,0143,N,nominal,2.0NRT,285.12,1.76,N
51.49068,6.73601,331.06,0.38,0.36,2022-09-05,0143,N,nominal,2.0NRT,287.77,1.76,N
51.48874,6.71094,297.9,0.38,0.36,2022-09-05,0143,N,nominal,2.0NRT,285.17,0.63,N
51.48521,6.73272,298.93,0.38,0.36,2022-09-05,0143,N,nominal,2.0NRT,285.95,1.17,N
51.48549,6.70959,332.99,0.38,0.36,2022-09-05,0143,N,nominal,2.0NRT,286.59,2.59,N
51.48372,6.72048,304.61,0.38,0.36,2022-09-05,0143,N,nominal,2.0NRT,286.09,2.26,N
51.48312,6.7028,326.67,0.38,0.36,2022-09-05,0143,N,nominal,2.0NRT,286.5,2.59,N
51.48223,6.70824,320.33,0.38,0.36,2022-09-05,0143,N,nominal,2.0NRT,284.26,2.59,N
51.48047,6.71913,331.38,0.38,0.36,2022-09-05,0143,N,nominal,2.0NRT,286.17,2.26,N
51.484,6.69736,297.49,0.38,0.36,2022-09-05,0143,N,nominal,2.0NRT,283.83,0.51,N
51.48074,6.69601,295.95,0.38,0.36,2022-09-05,0143,N,nominal,2.0NRT,283,0.46,N
51.46305,6.74094,306.86,0.38,0.36,2022-09-05,0143,N,nominal,2.0NRT,285.15,1.05,N
48.25731,20.35048,311.54,0.41,0.61,2022-09-05,0143,N,nominal,2.0NRT,282.55,0.83,N
48.25216,20.3469,295.57,0.41,0.61,2022-09-05,0143,N,nominal,2.0NRT,281.96,0.83,N
51.3693,6.707,306.59,0.38,0.36,2022-09-05,0143,N,nominal,2.0NRT,284.79,1.84,N
51.36842,6.71243,300.5,0.38,0.36,2022-09-05,0143,N,nominal,2.0NRT,283.44,1.84,N
51.36753,6.71786,304.04,0.38,0.36,2022-09-05,0143,N,nominal,2.0NRT,283.5,0.82,N
51.36604,6.70565,338.36,0.38,0.36,2022-09-05,0143,N,nominal,2.0NRT,285.49,1.84,N
51.36517,6.71108,317.15,0.38,0.36,2022-09-05,0143,N,nominal,2.0NRT,285.24,1.84,N
51.36191,6.70973,296.2,0.38,0.36,2022-09-05,0143,N,nominal,2.0NRT,282.14,0.83,N
51.29911,7.00834,301.25,0.39,0.36,2022-09-05,0143,N,nominal,2.0NRT,288.35,0.69,N
51.29585,7.00697,309.15,0.39,0.36,2022-09-05,0143,N,nominal,2.0NRT,287.29,0.69,N
52.64094,-8.69339,305.26,0.39,0.59,2022-09-05,0143,N,nominal,2.0NRT,283.44,0.88,N
51.17824,6.84077,298.34,0.39,0.36,2022-09-05,0143,N,nominal,2.0NRT,286.73,0.41,N
51.35303,4.28037,299.22,0.4,0.37,2022-09-05,0143,N,nominal,2.0NRT,287.69,0.32,N
51.22543,5.13898,299.32,0.39,0.36,2022-09-05,0143,N,nominal,2.0NRT,288.85,0.63,N
51.26594,4.32515,304.14,0.39,0.37,2022-09-05,0143,N,nominal,2.0NRT,289.79,1.12,N
51.25693,4.33957,304.68,0.39,0.36,2022-09-05,0143,N,nominal,2.0NRT,290.83,0.79,N
50.97106,5.80386,297.67,0.38,0.36,2022-09-05,0143,N,nominal,2.0NRT,285.54,0.46,N
51.1848,4.32436,300.45,0.39,0.36,2022-09-05,0143,N,nominal,2.0NRT,290.16,0.63,N
51.16664,4.32958,306.73,0.39,0.36,2022-09-05,0143,N,nominal,2.0NRT,291.29,1.15,N
51.18249,3.8151,301.11,0.4,0.37,2022-09-05,0143,N,nominal,2.0NRT,285.43,1.07,N
51.17657,3.80708,328.55,0.4,0.37,2022-09-05,0143,N,nominal,2.0NRT,287.72,1.68,N
51.1758,3.81277,308.07,0.4,0.37,2022-09-05,0143,N,nominal,2.0NRT,285.02,1.68,N
51.17323,3.80592,345.4,0.4,0.37,2022-09-05,0143,N,nominal,2.0NRT,290.33,4.38,N
51.17245,3.81161,329.2,0.4,0.37,2022-09-05,0143,N,nominal,2.0NRT,287.31,4.38,N
51.16988,3.80476,326.45,0.4,0.37,2022-09-05,0143,N,nominal,2.0NRT,288.27,4.38,N
51.16911,3.81044,336.28,0.4,0.37,2022-09-05,0143,N,nominal,2.0NRT,287.25,4.38,N
51.16654,3.80359,327.55,0.4,0.37,2022-09-05,0143,N,nominal,2.0NRT,286.76,3.17,N
51.16576,3.80928,330.88,0.4,0.37,2022-09-05,0143,N,nominal,2.0NRT,285.5,3.17,N
51.16499,3.81496,295.91,0.4,0.37,2022-09-05,0143,N,nominal,2.0NRT,283.9,1.33,N
50.76595,5.66981,298.01,0.38,0.36,2022-09-05,0143,N,nominal,2.0NRT,281.16,0.92,N
50.76269,5.66855,307.92,0.38,0.36,2022-09-05,0143,N,nominal,2.0NRT,282.55,0.92,N
51.048,2.32396,329.06,0.43,0.38,2022-09-05,0143,N,nominal,2.0NRT,290.32,3.1,N
51.04875,2.31788,304.36,0.43,0.38,2022-09-05,0143,N,nominal,2.0NRT,288.8,1.48,N
51.04604,2.31071,305.65,0.43,0.38,2022-09-05,0143,N,nominal,2.0NRT,286.67,1.48,N
51.04529,2.3168,302.4,0.43,0.38,2022-09-05,0143,N,nominal,2.0NRT,288.24,1.48,N
51.04408,2.29744,336.82,0.43,0.38,2022-09-05,0143,N,nominal,2.0NRT,292.82,4.4,N
51.04332,2.30353,300.66,0.43,0.38,2022-09-05,0143,N,nominal,2.0NRT,287.07,4.4,N
51.04136,2.29026,304.33,0.43,0.38,2022-09-05,0143,N,nominal,2.0NRT,288.82,4.29,N
51.03517,2.282,322.05,0.43,0.38,2022-09-05,0143,N,nominal,2.0NRT,287.95,3.07,N
51.03442,2.28809,335.02,0.43,0.38,2022-09-05,0143,N,nominal,2.0NRT,289.91,3.07,N
51.03846,2.2825,300.25,0.43,0.38,2022-09-05,0143,N,nominal,2.0NRT,288.03,1.36,N
51.035,2.28142,322.14,0.43,0.38,2022-09-05,0143,N,nominal,2.0NRT,288.32,1.36,N
51.03423,2.2875,331.35,0.43,0.38,2022-09-05,0143,N,nominal,2.0NRT,290.35,4.33,N
51.03459,2.25596,306.73,0.43,0.38,2022-09-05,0143,N,nominal,2.0NRT,288.91,0.68,N
51.0323,2.27424,301.3,0.43,0.38,2022-09-05,0143,N,nominal,2.0NRT,287.6,1.11,N
51.02883,2.27316,324.82,0.43,0.38,2022-09-05,0143,N,nominal,2.0NRT,289.18,1.11,N
51.03112,2.25489,300.23,0.43,0.38,2022-09-05,0143,N,nominal,2.0NRT,287.43,0.68,N
51.02536,2.27207,307,0.43,0.38,2022-09-05,0143,N,nominal,2.0NRT,287.39,0.71,N
50.56913,5.37071,303.18,0.38,0.36,2022-09-05,0143,N,nominal,2.0NRT,287.04,0.78,N
51.57039,-3.76819,303.42,0.47,0.48,2022-09-05,0143,N,nominal,2.0NRT,286.31,1.11,N
51.56693,-3.78282,298.94,0.47,0.48,2022-09-05,0143,N,nominal,2.0NRT,284,1.03,N
51.56644,-3.77589,299.28,0.47,0.48,2022-09-05,0143,N,nominal,2.0NRT,284.63,1.03,N
51.56597,-3.76902,311.78,0.47,0.48,2022-09-05,0143,N,nominal,2.0NRT,286.84,2.56,N
51.39849,-3.39592,299.05,0.45,0.47,2022-09-05,0143,N,nominal,2.0NRT,287.27,0.78,N
50.60033,3.48477,303.81,0.4,0.37,2022-09-05,0143,N,nominal,2.0NRT,288.6,0.77,N
50.47391,3.98953,311.43,0.39,0.37,2022-09-05,0143,N,nominal,2.0NRT,289.2,1.22,N
50.47058,3.98838,317.92,0.39,0.37,2022-09-05,0143,N,nominal,2.0NRT,286.31,1.34,N
50.69956,2.1126,304.55,0.43,0.38,2022-09-05,0143,N,nominal,2.0NRT,283.06,1.56,N
48.28236,14.33107,327.01,0.46,0.47,2022-09-05,0143,N,nominal,2.0NRT,288.15,4.76,N
48.28089,14.33698,297.91,0.46,0.47,2022-09-05,0143,N,nominal,2.0NRT,287.8,3.1,N
48.27942,14.34289,301.31,0.46,0.47,2022-09-05,0143,N,nominal,2.0NRT,286.79,3.1,N
48.27795,14.3488,306.27,0.46,0.47,2022-09-05,0143,N,nominal,2.0NRT,287.85,1.22,N
48.27678,14.33467,344.19,0.46,0.47,2022-09-05,0143,N,nominal,2.0NRT,289.5,3.1,N
48.2753,14.34059,325.58,0.46,0.47,2022-09-05,0143,N,nominal,2.0NRT,288.47,3.1,N
48.27413,14.32648,314.69,0.46,0.47,2022-09-05,0143,N,nominal,2.0NRT,288.52,1.82,N
48.27118,14.33827,302.36,0.46,0.47,2022-09-05,0143,N,nominal,2.0NRT,285.84,0.97,N
48.27,14.32418,306.16,0.46,0.47,2022-09-05,0143,N,nominal,2.0NRT,286.07,1.82,N
48.26706,14.33598,295.53,0.46,0.47,2022-09-05,0143,N,nominal,2.0NRT,285.44,0.97,N
48.26293,14.3337,296.58,0.46,0.47,2022-09-05,0143,N,nominal,2.0NRT,286.24,1.46,N
50.33714,3.48834,310.97,0.4,0.37,2022-09-05,0143,N,nominal,2.0NRT,288.05,1.42,N
50.33654,3.49327,308.53,0.4,0.37,2022-09-05,0143,N,nominal,2.0NRT,288.61,1.02,N
48.27355,14.3262,317.39,0.46,0.47,2022-09-05,0143,N,nominal,2.0NRT,288.44,1.38,N
48.26943,14.32389,306.38,0.46,0.47,2022-09-05,0143,N,nominal,2.0NRT,285.89,1.38,N
48.26654,14.33573,297.93,0.46,0.47,2022-09-05,0143,N,nominal,2.0NRT,285.47,0.81,N
49.52927,8.41251,305.03,0.41,0.37,2022-09-05,0143,N,nominal,2.0NRT,289.16,1.09,N
48.26241,14.33344,296.52,0.46,0.47,2022-09-05,0143,N,nominal,2.0NRT,286.32,0.85,N
49.5172,8.41926,300.2,0.41,0.37,2022-09-05,0143,N,nominal,2.0NRT,288.49,0.67,N
46.93723,18.9458,307.14,0.39,0.6,2022-09-05,0143,N,nominal,2.0NRT,284.43,0.81,N
48.77587,10.69925,296.87,0.49,0.4,2022-09-05,0143,N,nominal,2.0NRT,285.25,0.89,N
49.52365,5.90192,329.14,0.38,0.36,2022-09-05,0143,N,nominal,2.0NRT,283.86,3.82,N
49.5228,5.90715,300.71,0.38,0.36,2022-09-05,0143,N,nominal,2.0NRT,282.51,3.82,N
49.50451,5.95572,296.93,0.39,0.36,2022-09-05,0143,N,nominal,2.0NRT,276.65,0.66,N
49.50125,5.95447,299.25,0.39,0.36,2022-09-05,0143,N,nominal,2.0NRT,280.03,1.1,N
49.35829,6.74906,338.87,0.39,0.36,2022-09-05,0143,N,nominal,2.0NRT,289.36,4.42,N
49.35502,6.74775,306.67,0.39,0.36,2022-09-05,0143,N,nominal,2.0NRT,286.56,3.5,N
49.35355,6.73589,328.22,0.39,0.36,2022-09-05,0143,N,nominal,2.0NRT,289.09,4.81,N
49.35027,6.73458,329.38,0.39,0.36,2022-09-05,0143,N,nominal,2.0NRT,287.87,3.23,N
48.5117,10.85119,302.91,0.5,0.41,2022-09-05,0143,N,nominal,2.0NRT,285.25,1.22,N
49.2449,6.84903,322.6,0.39,0.36,2022-09-05,0143,N,nominal,2.0NRT,287.56,1.92,N
48.3676,9.73276,300.28,0.46,0.39,2022-09-05,0145,N,nominal,2.0NRT,285.54,0.62,N
48.22646,8.77649,298.14,0.44,0.38,2022-09-05,0145,N,nominal,2.0NRT,286.65,0.65,N
45.98507,17.73572,295.75,0.37,0.58,2022-09-05,0145,N,nominal,2.0NRT,283.36,0.41,N
48.71576,5.67931,302,0.39,0.36,2022-09-05,0145,N,nominal,2.0NRT,284.9,0.68,N
45.98343,17.73368,296.99,0.37,0.58,2022-09-05,0145,N,nominal,2.0NRT,282.97,0.24,N
48.56274,6.10877,300.2,0.39,0.36,2022-09-05,0145,N,nominal,2.0NRT,287.2,0.72,N
48.76957,4.56314,302.84,0.38,0.36,2022-09-05,0145,N,nominal,2.0NRT,289.11,0.99,N
48.98555,1.76292,301.01,0.42,0.38,2022-09-05,0145,N,nominal,2.0NRT,289.22,0.92,N
48.98211,1.76186,311.4,0.42,0.38,2022-09-05,0145,N,nominal,2.0NRT,290.42,0.92,N
44.59801,20.97463,298.67,0.57,0.69,2022-09-05,0145,N,nominal,2.0NRT,282.56,0.85,N
46.42165,14.09683,295.57,0.5,0.49,2022-09-05,0145,N,nominal,2.0NRT,284.49,0.32,N
47.62981,7.23684,295.99,0.41,0.37,2022-09-05,0145,N,nominal,2.0NRT,285.59,0.41,N
46.06875,13.62424,302.36,0.49,0.48,2022-09-05,0145,N,nominal,2.0NRT,288.48,0.92,N
46.07045,13.62508,300.23,0.49,0.48,2022-09-05,0145,N,nominal,2.0NRT,288.39,0.84,N
47.06955,8.26317,327.89,0.44,0.38,2022-09-05,0145,N,nominal,2.0NRT,286.72,2.94,N
47.17381,7.56313,326.13,0.42,0.38,2022-09-05,0145,N,nominal,2.0NRT,288.27,1.94,N
45.28338,14.53122,303.76,0.56,0.52,2022-09-05,0145,N,nominal,2.0NRT,290.36,1.28,N
47.13377,5.55023,298.52,0.39,0.36,2022-09-05,0145,N,nominal,2.0NRT,287.6,0.51,N
47.58794,0.32654,297.58,0.45,0.39,2022-09-05,0145,N,nominal,2.0NRT,285.73,0.46,N
45.3822,11.94792,306.68,0.43,0.46,2022-09-05,0145,N,nominal,2.0NRT,290.49,1.05,N
45.46089,10.45648,307.97,0.55,0.43,2022-09-05,0145,N,nominal,2.0NRT,291.02,1.93,N
45.46175,10.45622,304.52,0.56,0.43,2022-09-05,0145,N,nominal,2.0NRT,290.38,1.27,N
44.16419,15.22078,299.09,0.32,0.55,2022-09-05,0145,N,nominal,2.0NRT,288.71,0.32,N
45.14436,9.94115,333.67,0.54,0.42,2022-09-05,0145,N,nominal,2.0NRT,291.74,11.51,N
46.80941,-0.14164,295.8,0.45,0.39,2022-09-05,0145,N,nominal,2.0NRT,280.71,0.7,N
45.95142,3.35891,298.08,0.39,0.36,2022-09-05,0145,N,nominal,2.0NRT,288.07,0.25,N
45.89232,0.52404,320.78,0.43,0.38,2022-09-05,0145,N,nominal,2.0NRT,288.42,2,N
40.51605,17.2041,300.49,0.51,0.66,2022-09-05,0145,N,nominal,2.0NRT,289.23,1.52,N
43.44626,4.89466,329.99,0.4,0.37,2022-09-05,0145,N,nominal,2.0NRT,293.72,3.41,N
43.44542,4.89952,339.06,0.4,0.37,2022-09-05,0145,N,nominal,2.0NRT,293.94,3.41,N
43.44209,4.89843,329.98,0.4,0.37,2022-09-05,0145,N,nominal,2.0NRT,292.62,2.3,N
43.43962,4.89247,321.48,0.4,0.37,2022-09-05,0145,N,nominal,2.0NRT,294.23,2.3,N
43.43799,4.88166,308.1,0.4,0.37,2022-09-05,0145,N,nominal,2.0NRT,293.69,0.81,N
43.43715,4.88652,311.69,0.4,0.37,2022-09-05,0145,N,nominal,2.0NRT,292.49,0.81,N
43.43213,4.89514,313.9,0.4,0.37,2022-09-05,0145,N,nominal,2.0NRT,293.08,1.96,N
43.42633,4.8881,304.51,0.4,0.37,2022-09-05,0145,N,nominal,2.0NRT,292.5,1.36,N
40.5063,17.21227,303.43,0.51,0.66,2022-09-05,0145,N,nominal,2.0NRT,289.9,2.4,N
43.52864,-5.73129,303.08,0.48,0.48,2022-09-05,0145,N,nominal,2.0NRT,283.57,2.09,N
42.81186,-1.74395,302.21,0.47,0.4,2022-09-05,0145,N,nominal,2.0NRT,290.56,0.97,N
41.45503,1.97835,309.4,0.38,0.36,2022-09-05,0147,N,nominal,2.0NRT,294.06,0.96,N
41.40538,1.9961,311.59,0.38,0.36,2022-09-05,0147,N,nominal,2.0NRT,293.65,0.96,N
41.31387,1.66017,306.6,0.39,0.36,2022-09-05,0147,N,nominal,2.0NRT,293,0.93,N
41.31317,1.66475,303.22,0.39,0.36,2022-09-05,0147,N,nominal,2.0NRT,292.62,0.56,N
41.47351,-1.48763,305.62,0.45,0.39,2022-09-05,0147,N,nominal,2.0NRT,289.11,0.79,N
41.47557,-1.4883,303.58,0.45,0.39,2022-09-05,0147,N,nominal,2.0NRT,288.85,0.42,N
41.72676,-7.52005,303.42,0.56,0.52,2022-09-05,0147,N,nominal,2.0NRT,283.11,1.9,N
41.72721,-7.51942,306.8,0.56,0.52,2022-09-05,0147,N,nominal,2.0NRT,283.02,1.83,N
41.69578,-7.91363,315.35,0.59,0.53,2022-09-05,0147,N,nominal,2.0NRT,283.9,2.87,N
41.69084,-7.91344,316.74,0.59,0.53,2022-09-05,0147,N,nominal,2.0NRT,282.05,2.72,N
37.99584,13.40627,302.04,0.39,0.59,2022-09-05,0147,N,nominal,2.0NRT,288.98,0.7,N
37.99799,13.37642,299.34,0.39,0.59,2022-09-05,0147,N,nominal,2.0NRT,288.37,0.91,N
37.99365,13.37089,315.28,0.39,0.59,2022-09-05,0147,N,nominal,2.0NRT,288.8,0.91,N
37.91159,13.26113,302.04,0.38,0.59,2022-09-05,0147,N,nominal,2.0NRT,289.39,0.98,N
41.38599,-7.78723,325.54,0.58,0.52,2022-09-05,0147,N,nominal,2.0NRT,282.09,4.05,N
37.37995,14.05579,314.67,0.43,0.62,2022-09-05,0147,N,nominal,2.0NRT,289.23,1.14,N
37.37869,14.05366,311.77,0.43,0.62,2022-09-05,0147,N,nominal,2.0NRT,288.97,1.42,N
36.86683,14.50601,305.76,0.47,0.64,2022-09-05,0147,N,nominal,2.0NRT,288.65,1.35,N
52.49712,4.60866,317.12,0.66,0.73,2022-09-05,0323,N,nominal,2.0NRT,279.09,3.62,N
52.48563,4.59613,309.8,0.66,0.73,2022-09-05,0323,N,nominal,2.0NRT,285.21,3.47,N
52.48323,4.58158,304.39,0.66,0.73,2022-09-05,0323,N,nominal,2.0NRT,285.84,2.32,N
52.47986,4.58994,301.97,0.66,0.73,2022-09-05,0323,N,nominal,2.0NRT,286.17,2.32,N
52.50111,4.61311,309.15,0.66,0.73,2022-09-05,0323,N,nominal,2.0NRT,276.83,1.38,N
52.49535,4.60689,302.97,0.66,0.73,2022-09-05,0323,N,nominal,2.0NRT,281.32,2.23,N
52.48726,4.5858,304.9,0.66,0.73,2022-09-05,0323,N,nominal,2.0NRT,285.46,4.46,N
52.4839,4.59426,318.42,0.66,0.73,2022-09-05,0323,N,nominal,2.0NRT,286.12,5.59,N
51.17405,3.80604,335.13,0.7,0.75,2022-09-05,0323,N,nominal,2.0NRT,281.1,4.35,N
51.17049,3.81489,306.44,0.7,0.75,2022-09-05,0323,N,nominal,2.0NRT,279.52,4.35,N
51.16809,3.80006,295.15,0.7,0.75,2022-09-05,0323,N,nominal,2.0NRT,279.96,1.91,N
51.16454,3.80889,302.73,0.7,0.75,2022-09-05,0323,N,nominal,2.0NRT,278.87,1.91,N
51.17316,3.81182,322.12,0.7,0.75,2022-09-05,0323,N,nominal,2.0NRT,281.01,4.09,N
51.17665,3.803,309.82,0.7,0.75,2022-09-05,0323,N,nominal,2.0NRT,280.27,4.09,N
51.16723,3.80575,311.19,0.7,0.75,2022-09-05,0323,N,nominal,2.0NRT,279.16,4.09,N
52.63543,-1.87017,350.72,0.39,0.59,2022-09-05,0323,N,nominal,2.0NRT,286.08,3.99,N
52.63371,-1.86487,312.64,0.39,0.59,2022-09-05,0323,N,nominal,2.0NRT,284.79,3.99,N
51.04522,2.32127,305.72,0.63,0.72,2022-09-05,0323,N,nominal,2.0NRT,283.3,1.07,N
51.04857,2.29185,300.66,0.63,0.72,2022-09-05,0323,N,nominal,2.0NRT,287.96,4.33,N
51.04554,2.29976,318.27,0.63,0.72,2022-09-05,0323,N,nominal,2.0NRT,287.94,3.69,N
51.03706,2.28068,325.39,0.63,0.72,2022-09-05,0323,N,nominal,2.0NRT,287.84,6.74,N
51.03402,2.28862,323,0.63,0.72,2022-09-05,0323,N,nominal,2.0NRT,287.82,4.42,N
51.02552,2.26957,297.88,0.63,0.72,2022-09-05,0323,N,nominal,2.0NRT,286.49,1.05,N
51.04395,2.29292,327.48,0.63,0.72,2022-09-05,0323,N,nominal,2.0NRT,288.22,5.6,N
51.03819,2.28734,327.74,0.63,0.72,2022-09-05,0323,N,nominal,2.0NRT,288.34,3.36,N
51.03245,2.2817,307.79,0.63,0.72,2022-09-05,0323,N,nominal,2.0NRT,287.07,3.36,N
51.0297,2.26814,298.88,0.63,0.72,2022-09-05,0323,N,nominal,2.0NRT,286.97,1.38,N
50.70059,2.11388,297.11,0.63,0.72,2022-09-05,0323,N,nominal,2.0NRT,286.14,0.65,N
50.83038,-1.36787,298.94,0.47,0.64,2022-09-05,0325,N,nominal,2.0NRT,286.89,1.11,N
51.57323,-3.76957,297.1,0.36,0.57,2022-09-05,0325,N,nominal,2.0NRT,285.69,0.73,N
51.56991,-3.77819,309.58,0.36,0.57,2022-09-05,0325,N,nominal,2.0NRT,287.2,1.95,N
51.56696,-3.76861,316.38,0.36,0.57,2022-09-05,0325,N,nominal,2.0NRT,286.56,1.58,N
51.56508,-3.78191,323.66,0.36,0.57,2022-09-05,0325,N,nominal,2.0NRT,286.39,1.95,N
51.55734,-3.77621,299.12,0.36,0.57,2022-09-05,0325,N,nominal,2.0NRT,286.79,0.45,N
51.54996,-3.75231,298.56,0.36,0.57,2022-09-05,0325,N,nominal,2.0NRT,284.92,0.36,N
51.39889,-3.39405,304,0.37,0.58,2022-09-05,0325,N,nominal,2.0NRT,286.48,0.67,N
51.68335,-5.0307,300.44,0.64,0.54,2022-09-05,0325,N,nominal,2.0NRT,288.4,1.11,N
52.64167,-8.68948,302.79,0.43,0.46,2022-09-05,0325,N,nominal,2.0NRT,281.85,1.19,N
48.97118,-0.88042,300.55,0.57,0.69,2022-09-05,0325,N,nominal,2.0NRT,282.84,1.98,N
41.6983,-7.9089,332.96,0.49,0.65,2022-09-05,0328,N,nominal,2.0NRT,282.61,2.6,N
41.69289,-7.91269,295.81,0.49,0.65,2022-09-05,0328,N,nominal,2.0NRT,281.14,2.6,N
66.31195,14.17049,301.43,0.59,0.53,2022-09-05,0319,N,nominal,2.0NRT,276.67,1.65,N
63.24037,14.42978,302.87,0.42,0.61,2022-09-05,0319,N,nominal,2.0NRT,272.7,0.69,N
63.3196,9.14079,301.69,0.63,0.54,2022-09-05,0321,N,nominal,2.0NRT,283.11,2.51,N
61.77237,5.29436,296.06,0.59,0.53,2022-09-05,0321,N,nominal,2.0NRT,280.37,1.43,N
66.06791,-17.34873,313.06,0.47,0.4,2022-09-05,0321,N,nominal,2.0NRT,281.21,1.91,N
66.06874,-17.34349,309.4,0.47,0.4,2022-09-05,0321,N,nominal,2.0NRT,280.76,1.73,N
66.06882,-17.34762,310.73,0.45,0.47,2022-09-05,0501,N,nominal,2.0NRT,279.09,1.92,N
64.35774,-21.79043,322.41,0.42,0.45,2022-09-05,0501,N,nominal,2.0NRT,283,1.82,N
63.89901,-22.24867,301.49,0.43,0.46,2022-09-05,0501,N,nominal,2.0NRT,285.26,1.53,N
63.8954,-22.25381,306.18,0.43,0.46,2022-09-05,0501,N,nominal,2.0NRT,286.34,1.53,N
63.89321,-22.24612,304.26,0.43,0.46,2022-09-05,0501,N,nominal,2.0NRT,288.45,1.53,N
63.8854,-22.23655,297.39,0.43,0.46,2022-09-05,0501,N,nominal,2.0NRT,286.85,0.94,N
63.88848,-22.26518,297.46,0.43,0.46,2022-09-05,0501,N,nominal,2.0NRT,283.67,1.88,N
